case_id,stain,slice_idx,patch_idx,patch_attn_weight,slice_attn_weight,stain_attn_weight,effective_weight,true_label,pred_label
1,h&e,0,18,0.02372141368687153,0.3381689488887787,0.8623230457305908,0.006917422272090971,1,1
1,h&e,0,12,0.023794319480657578,0.3381689488887787,0.8623230457305908,0.006938682394626552,1,1
1,h&e,3,9,0.0304807648062706,0.27746841311454773,0.8623230457305908,0.007293053561346077,1,1
1,h&e,3,62,0.03073817305266857,0.27746841311454773,0.8623230457305908,0.007354642965025554,1,1
1,h&e,0,55,0.02596381865441799,0.3381689488887787,0.8623230457305908,0.0075713319534578185,1,1
1,h&e,3,14,0.031783148646354675,0.27746841311454773,0.8623230457305908,0.007604671565800175,1,1
1,h&e,0,39,0.02685241773724556,0.3381689488887787,0.8623230457305908,0.007830457112170975,1,1
1,h&e,0,42,0.027622833847999573,0.3381689488887787,0.8623230457305908,0.008055118830635798,1,1
1,h&e,1,19,0.04755590483546257,0.19702179729938507,0.8623230457305908,0.008079578757638027,1,1
1,h&e,2,49,0.0522797554731369,0.1873408854007721,0.8623230457305908,0.008445708908904696,1,1
1,h&e,0,28,0.03123444691300392,0.3381689488887787,0.8623230457305908,0.009108304487435945,1,1
1,h&e,1,58,0.05478188768029213,0.19702179729938507,0.8623230457305908,0.00930724749190224,1,1
1,h&e,0,30,0.039655979722738266,0.3381689488887787,0.8623230457305908,0.011564115063997082,1,1
1,h&e,0,49,0.040775615721940994,0.3381689488887787,0.8623230457305908,0.011890613100739564,1,1
1,h&e,0,1,0.04257635027170181,0.3381689488887787,0.8623230457305908,0.012415726883799345,1,1
1,h&e,0,23,0.04402925819158554,0.3381689488887787,0.8623230457305908,0.01283941063793679,1,1
1,h&e,3,60,0.05440707504749298,0.27746841311454773,0.8623230457305908,0.013017839774017492,1,1
1,h&e,0,44,0.048103246837854385,0.3381689488887787,0.8623230457305908,0.014027430043944734,1,1
1,h&e,3,27,0.06002612039446831,0.27746841311454773,0.8623230457305908,0.014362294184514861,1,1
1,h&e,0,47,0.05563493072986603,0.3381689488887787,0.8623230457305908,0.01622375099634162,1,1
1,h&e,2,30,0.10296686738729477,0.1873408854007721,0.8623230457305908,0.016634128858191162,1,1
1,h&e,1,54,0.10843565315008163,0.19702179729938507,0.8623230457305908,0.0184228310405038,1,1
2,sox10,0,12,0.030722802504897118,1.0,0.21852844953536987,0.006713806396776545,0,0
2,melan,0,1,0.01740356720983982,0.6298465728759766,0.6180239319801331,0.006774517018940308,0,0
2,sox10,0,0,0.031129660084843636,1.0,0.21852844953536987,0.00680271635290397,0,0
2,melan,0,52,0.018082454800605774,0.6298465728759766,0.6180239319801331,0.007038780975986483,0,0
2,melan,0,74,0.018124360591173172,0.6298465728759766,0.6180239319801331,0.007055093234730224,0,0
2,melan,0,68,0.018256977200508118,0.6298465728759766,0.6180239319801331,0.007106715609965215,0,0
2,melan,0,5,0.019724879413843155,0.6298465728759766,0.6180239319801331,0.007678111600596143,0,0
2,melan,0,9,0.019851993769407272,0.6298465728759766,0.6180239319801331,0.007727592167122405,0,0
2,melan,0,17,0.02079249732196331,0.6298465728759766,0.6180239319801331,0.008093692820301273,0,0
2,sox10,0,1,0.03829674422740936,1.0,0.21852844953536987,0.008368928138268394,0,0
2,h&e,0,93,0.15356968343257904,0.3340423107147217,0.16344763338565826,0.008384662864206145,0,0
2,sox10,0,14,0.03977889195084572,1.0,0.21852844953536987,0.00869281958225332,0,0
2,melan,0,72,0.024271249771118164,0.6298465728759766,0.6180239319801331,0.009447832887525844,0,0
2,melan,0,51,0.024527058005332947,0.6298465728759766,0.6180239319801331,0.009547408866138626,0,0
2,sox10,0,46,0.0446382537484169,1.0,0.21852844953536987,0.009754728381607958,0,0
2,sox10,0,32,0.04573376476764679,1.0,0.21852844953536987,0.009994128706089178,0,0
2,sox10,0,17,0.049445174634456635,1.0,0.21852844953536987,0.010805177349873407,0,0
2,melan,1,22,0.05283287167549133,0.37015342712402344,0.6180239319801331,0.01208624196280047,0,0
2,melan,1,85,0.055721282958984375,0.37015342712402344,0.6180239319801331,0.012747005547161424,0,0
2,melan,0,21,0.0353107787668705,0.6298465728759766,0.6180239319801331,0.013745082765155818,0,0
2,melan,0,13,0.035700395703315735,0.6298465728759766,0.6180239319801331,0.013896745153388693,0,0
2,melan,1,19,0.06521064043045044,0.37015342712402344,0.6180239319801331,0.014917825849644645,0,0
2,sox10,0,43,0.0693170502781868,1.0,0.21852844953536987,0.01514774752365744,0,0
2,melan,1,64,0.07058112323284149,0.37015342712402344,0.6180239319801331,0.016146397239923015,0,0
2,melan,1,81,0.07728764414787292,0.37015342712402344,0.6180239319801331,0.017680605620749176,0,0
2,melan,0,50,0.04894942045211792,0.6298465728759766,0.6180239319801331,0.01905406391240579,0,0
2,melan,0,38,0.051672931760549545,0.6298465728759766,0.6180239319801331,0.02011421862021849,0,0
2,melan,0,14,0.05544659495353699,0.6298465728759766,0.6180239319801331,0.02158315571894087,0,0
2,melan,0,65,0.05569807440042496,0.6298465728759766,0.6180239319801331,0.021681046672692755,0,0
2,sox10,0,59,0.1102147102355957,1.0,0.21852844953536987,0.02408504974377479,0,0
2,melan,1,88,0.15942193567752838,0.37015342712402344,0.6180239319801331,0.036469948115094616,0,0
2,melan,0,48,0.12157133966684341,0.6298465728759766,0.6180239319801331,0.04732289074177591,0,0
2,melan,0,64,0.17924706637859344,0.6298465728759766,0.6180239319801331,0.06977375885849098,0,0
4,sox10,0,40,0.01037781685590744,1.0,0.41317927837371826,0.004287898879618446,0,0
4,melan,0,34,0.01933393068611622,0.4686281383037567,0.4813672602176666,0.004361391450106869,0,0
4,sox10,0,125,0.01096311490982771,1.0,0.41317927837371826,0.004529731907170764,0,0
4,sox10,0,97,0.01097552664577961,1.0,0.41317927837371826,0.004534860179274736,0,0
4,sox10,0,138,0.01130838692188263,1.0,0.41317927837371826,0.004672391147954258,0,0
4,sox10,0,114,0.011516621336340904,1.0,0.41317927837371826,0.004758429293052702,0,0
4,sox10,0,126,0.011940552853047848,1.0,0.41317927837371826,0.0049335890112055525,0,0
4,sox10,0,118,0.012011338956654072,1.0,0.41317927837371826,0.004962836362412459,0,0
4,melan,0,83,0.022037632763385773,0.4686281383037567,0.4813672602176666,0.00497129862909078,0,0
4,sox10,0,68,0.012379590421915054,1.0,0.41317927837371826,0.0051149902370890565,0,0
4,sox10,0,119,0.012435964308679104,1.0,0.41317927837371826,0.005138282758941348,0,0
4,melan,0,32,0.022820618003606796,0.4686281383037567,0.4813672602176666,0.005147926195812745,0,0
4,sox10,0,31,0.013135839253664017,1.0,0.41317927837371826,0.00542745658366206,0,0
4,sox10,0,55,0.014410833828151226,1.0,0.41317927837371826,0.005954257921879091,0,0
4,melan,1,90,0.02381264604628086,0.5313718318939209,0.4813672602176666,0.006090917737424053,0,0
4,sox10,0,63,0.0149488290771842,1.0,0.41317927837371826,0.0061765464106430246,0,0
4,melan,0,94,0.027941325679421425,0.4686281383037567,0.4813672602176666,0.006303066919050792,0,0
4,sox10,0,115,0.015622702427208424,1.0,0.41317927837371826,0.006454976915121313,0,0
4,sox10,0,47,0.01715422421693802,1.0,0.41317927837371826,0.007087769983015413,0,0
4,sox10,0,49,0.017489014193415642,1.0,0.41317927837371826,0.007226098263903191,0,0
4,melan,0,33,0.03247487545013428,0.4686281383037567,0.4813672602176666,0.007325755245063037,0,0
4,melan,1,33,0.029281731694936752,0.5313718318939209,0.4813672602176666,0.007489827825792508,0,0
4,melan,1,89,0.032784391194581985,0.5313718318939209,0.4813672602176666,0.008385755595981578,0,0
4,sox10,0,74,0.020641306415200233,1.0,0.41317927837371826,0.008528560089323234,0,0
4,sox10,0,87,0.02075909450650215,1.0,0.41317927837371826,0.008577227687888378,0,0
4,sox10,0,50,0.021766308695077896,1.0,0.41317927837371826,0.008993387719491874,0,0
4,melan,0,65,0.04260566830635071,0.4686281383037567,0.4813672602176666,0.009611082220898069,0,0
4,sox10,0,52,0.024209823459386826,1.0,0.41317927837371826,0.010002997386504564,0,0
4,sox10,0,48,0.026330601423978806,1.0,0.41317927837371826,0.010879258895505561,0,0
4,sox10,0,131,0.027599241584539413,1.0,0.41317927837371826,0.011403434721561911,0,0
4,sox10,0,41,0.029108863323926926,1.0,0.41317927837371826,0.012027179142459321,0,0
4,sox10,0,51,0.02922038733959198,1.0,0.41317927837371826,0.012073258554773147,0,0
4,sox10,0,54,0.033417344093322754,1.0,0.41317927837371826,0.013807354117645332,0,0
4,sox10,0,43,0.03603304177522659,1.0,0.41317927837371826,0.014888106198298168,0,0
4,melan,1,124,0.05845155194401741,0.5313718318939209,0.4813672602176666,0.0149510303820849,0,0
4,melan,1,120,0.06539703160524368,0.5313718318939209,0.4813672602176666,0.016727579917204218,0,0
4,melan,0,27,0.07624280452728271,0.4686281383037567,0.4813672602176666,0.017199022857584133,0,0
4,melan,0,23,0.08769582211971283,0.4686281383037567,0.4813672602176666,0.019782620255159287,0,0
4,melan,1,123,0.08646822720766068,0.5313718318939209,0.4813672602176666,0.022117275744961182,0,0
4,sox10,0,127,0.05616682022809982,1.0,0.41317927837371826,0.023206966250392647,0,0
4,sox10,0,53,0.05905991792678833,1.0,0.41317927837371826,0.02440233426980143,0,0
4,melan,1,122,0.1006690114736557,0.5313718318939209,0.4813672602176666,0.025749623389274768,0,0
4,melan,1,127,0.1111571416258812,0.5313718318939209,0.4813672602176666,0.028432329790421634,0,0
4,sox10,0,44,0.08619934320449829,1.0,0.41317927837371826,0.03561578242152308,0,0
4,melan,0,53,0.269382506608963,0.4686281383037567,0.4813672602176666,0.06076791006478454,0,0
12,melan,0,9,0.06454240530729294,0.49011489748954773,0.3188402056694031,0.010085934196013613,1,0
12,sox10,0,39,0.06161198392510414,1.0,0.16935408115386963,0.010434240925702998,1,0
12,melan,0,10,0.06816796958446503,0.49011489748954773,0.3188402056694031,0.010652495088017485,1,0
12,sox10,0,17,0.06772743910551071,1.0,0.16935408115386963,0.011469918218618425,1,0
12,sox10,0,8,0.06774131208658218,1.0,0.16935408115386963,0.011472267664580649,1,0
12,melan,0,22,0.07591883093118668,0.49011489748954773,0.3188402056694031,0.011863709283293637,1,0
12,melan,0,26,0.0767284631729126,0.49011489748954773,0.3188402056694031,0.011990229165441504,1,0
12,sox10,0,14,0.07123922556638718,1.0,0.16935408115386963,0.012064653587908758,1,0
12,h&e,0,30,0.04426580294966698,0.5582540035247803,0.5118057131767273,0.012647518467712109,1,0
12,sox10,0,24,0.08064423501491547,1.0,0.16935408115386963,0.013657430321307729,1,0
12,h&e,0,35,0.048472367227077484,0.5582540035247803,0.5118057131767273,0.013849407868536084,1,0
12,h&e,0,0,0.048487626016139984,0.5582540035247803,0.5118057131767273,0.013853767572949045,1,0
12,sox10,0,34,0.08866369724273682,1.0,0.16935408115386963,0.015015558978248578,1,0
12,melan,0,18,0.11274828016757965,0.49011489748954773,0.3188402056694031,0.017618985984016632,1,0
12,h&e,0,1,0.0627022311091423,0.5582540035247803,0.5118057131767273,0.017915130260290377,1,0
12,melan,0,1,0.12726284563541412,0.49011489748954773,0.3188402056694031,0.019887152958818988,1,0
12,melan,1,36,0.1308249831199646,0.5098851323127747,0.3188402056694031,0.021268463516224627,1,0
12,melan,0,19,0.14192931354045868,0.49011489748954773,0.3188402056694031,0.022179057474523648,1,0
12,h&e,0,24,0.09375128149986267,0.5582540035247803,0.5118057131767273,0.026786390060278126,1,0
12,melan,1,40,0.3160878121852875,0.5098851323127747,0.3188402056694031,0.05138699001567177,1,0
12,h&e,0,28,0.30207765102386475,0.5582540035247803,0.5118057131767273,0.08630889796242057,1,0
18,h&e,1,61,0.023454103618860245,0.2277909815311432,0.6695661544799805,0.00357724642294763,1,1
18,h&e,3,110,0.014033175073564053,0.3929736018180847,0.6695661544799805,0.0036924346131877368,1,1
18,sox10,0,104,0.020019549876451492,1.0,0.18448381125926971,0.0036932828609028134,1,1
18,h&e,1,41,0.024324050173163414,0.2277909815311432,0.6695661544799805,0.0037099316557797283,1,1
18,h&e,3,71,0.014419502578675747,0.3929736018180847,0.6695661544799805,0.003794085810755145,1,1
18,h&e,2,7,0.0179817583411932,0.31527629494667053,0.6695661544799805,0.003795919271483085,1,1
18,h&e,2,9,0.018458575010299683,0.31527629494667053,0.6695661544799805,0.00389657447710218,1,1
18,sox10,0,136,0.021129466593265533,1.0,0.18448381125926971,0.0038980445270010433,1,1
18,sox10,0,150,0.021261529996991158,1.0,0.18448381125926971,0.003922408087048218,1,1
18,melan,1,110,0.050715506076812744,0.5359930992126465,0.14595001935958862,0.003967382915107113,1,1
18,h&e,2,56,0.019268851727247238,0.31527629494667053,0.6695661544799805,0.004067622544078436,1,1
18,h&e,3,53,0.01551510114222765,0.3929736018180847,0.6695661544799805,0.004082361702491054,1,1
18,h&e,1,99,0.027336373925209045,0.2277909815311432,0.6695661544799805,0.004169374682973495,1,1
18,h&e,2,21,0.01988242007791996,0.31527629494667053,0.6695661544799805,0.004197145802176906,1,1
18,melan,0,20,0.06209562346339226,0.46400687098503113,0.14595001935958862,0.0042052281259931665,1,1
18,h&e,2,103,0.02036256156861782,0.31527629494667053,0.6695661544799805,0.004298502872102788,1,1
18,h&e,1,66,0.028222063556313515,0.2277909815311432,0.6695661544799805,0.004304461067693076,1,1
18,sox10,0,109,0.02337726019322872,1.0,0.18448381125926971,0.0043127260572464465,1,1
18,h&e,2,123,0.02107742428779602,0.31527629494667053,0.6695661544799805,0.004449409202880074,1,1
18,sox10,0,94,0.024139104411005974,1.0,0.18448381125926971,0.004453273982127831,1,1
18,sox10,0,111,0.02614673227071762,1.0,0.18448381125926971,0.004823648821277726,1,1
18,h&e,2,121,0.02489115484058857,0.31527629494667053,0.6695661544799805,0.005254481378075843,1,1
18,melan,1,68,0.06858643144369125,0.5359930992126465,0.14595001935958862,0.005365393296198906,1,1
18,h&e,2,48,0.02644025906920433,0.31527629494667053,0.6695661544799805,0.005581494703656344,1,1
18,h&e,2,24,0.027315126731991768,0.31527629494667053,0.6695661544799805,0.005766177811846299,1,1
18,sox10,0,95,0.03158453106880188,1.0,0.18448381125926971,0.005826834668409386,1,1
18,h&e,3,106,0.022520052269101143,0.3929736018180847,0.6695661544799805,0.005925517215692175,1,1
18,sox10,0,116,0.03279146924614906,1.0,0.18448381125926971,0.006049495223320711,1,1
18,h&e,2,34,0.029482930898666382,0.31527629494667053,0.6695661544799805,0.006223797665085605,1,1
18,h&e,2,63,0.03296130150556564,0.31527629494667053,0.6695661544799805,0.006958075913606049,1,1
18,h&e,3,70,0.026601392775774002,0.3929736018180847,0.6695661544799805,0.00699940697164864,1,1
18,sox10,0,93,0.03796457126736641,1.0,0.18448381125926971,0.007003848800227919,1,1
18,h&e,3,60,0.02756306156516075,0.3929736018180847,0.6695661544799805,0.0072524430170011435,1,1
18,h&e,2,84,0.0360536091029644,0.31527629494667053,0.6695661544799805,0.007610856903072989,1,1
18,h&e,3,31,0.03089405596256256,0.3929736018180847,0.6695661544799805,0.008128900336519009,1,1
18,h&e,2,66,0.040252551436424255,0.31527629494667053,0.6695661544799805,0.008497246644331673,1,1
18,h&e,3,49,0.034315306693315506,0.3929736018180847,0.6695661544799805,0.009029106067039952,1,1
18,sox10,0,148,0.04894811287522316,1.0,0.18448381125926971,0.0090301344171701,1,1
18,h&e,3,64,0.03924911469221115,0.3929736018180847,0.6695661544799805,0.010327298623923514,1,1
18,h&e,2,68,0.04971226304769516,0.31527629494667053,0.6695661544799805,0.01049417602835279,1,1
18,h&e,2,73,0.06715376675128937,0.31527629494667053,0.6695661544799805,0.014176048444603026,1,1
18,h&e,1,48,0.1160670667886734,0.2277909815311432,0.6695661544799805,0.01770268035986371,1,1
18,h&e,3,57,0.07337283343076706,0.3929736018180847,0.6695661544799805,0.01930599371896919,1,1
18,h&e,1,69,0.12986330687999725,0.2277909815311432,0.6695661544799805,0.01980689850943856,1,1
18,h&e,3,47,0.07872509211301804,0.3929736018180847,0.6695661544799805,0.020714289782652436,1,1
18,h&e,3,52,0.09696421772241592,0.3929736018180847,0.6695661544799805,0.025513401769881094,1,1
23,melan,0,54,0.009422673843801022,1.0,0.5050040483474731,0.004758488437377362,0,0
23,sox10,0,103,0.017020974308252335,1.0,0.28047722578048706,0.00477399565405956,0,0
23,sox10,0,45,0.0174318328499794,1.0,0.28047722578048706,0.004889232118031384,0,0
23,h&e,0,9,0.04436713084578514,0.5173583030700684,0.2145187258720398,0.004923999234541408,0,0
23,melan,0,18,0.009875263087451458,1.0,0.5050040483474731,0.004987047837659353,0,0
23,h&e,0,25,0.046358827501535416,0.5173583030700684,0.2145187258720398,0.005145043792109068,0,0
23,melan,0,72,0.01034711766988039,1.0,0.5050040483474731,0.00522533631201727,0,0
23,h&e,0,8,0.04757144674658775,0.5173583030700684,0.2145187258720398,0.005279623967130575,0,0
23,sox10,0,24,0.019064856693148613,1.0,0.28047722578048706,0.0053472581151968734,0,0
23,melan,0,90,0.010968249291181564,1.0,0.5050040483474731,0.005539010295330993,0,0
23,melan,0,57,0.011048991233110428,1.0,0.5050040483474731,0.005579785302876505,0,0
23,sox10,0,150,0.02017185278236866,1.0,0.28047722578048706,0.005657745307251161,0,0
23,sox10,0,12,0.02021220326423645,1.0,0.28047722578048706,0.005669062698464344,0,0
23,sox10,0,3,0.020369773730635643,1.0,0.28047722578048706,0.0057132576257449275,0,0
23,melan,0,12,0.011555737815797329,1.0,0.5050040483474731,0.005835694378619638,0,0
23,sox10,0,108,0.021012891083955765,1.0,0.28047722578048706,0.0058936373968554445,0,0
23,melan,0,83,0.011679853312671185,1.0,0.5050040483474731,0.005898373207003593,0,0
23,melan,0,50,0.01183073315769434,1.0,0.5050040483474731,0.005974568139554326,0,0
23,melan,0,9,0.011950639076530933,1.0,0.5050040483474731,0.006035121113987629,0,0
23,melan,0,95,0.012047534808516502,1.0,0.5050040483474731,0.006084053850907933,0,0
23,sox10,0,89,0.02271384187042713,1.0,0.28047722578048706,0.006370715354634071,0,0
23,sox10,0,131,0.02364202030003071,1.0,0.28047722578048706,0.006631048265598571,0,0
23,melan,0,20,0.013464432209730148,1.0,0.5050040483474731,0.0067995927746138385,0,0
23,melan,0,52,0.013496587052941322,1.0,0.5050040483474731,0.00681583110060946,0,0
23,sox10,0,4,0.024629822000861168,1.0,0.28047722578048706,0.006908104146268745,0,0
23,melan,0,49,0.01456186082214117,1.0,0.5050040483474731,0.007353798666653755,0,0
23,melan,0,82,0.01484507042914629,1.0,0.5050040483474731,0.007496820664722237,0,0
23,melan,0,55,0.014898432418704033,1.0,0.5050040483474731,0.007523768685476773,0,0
23,melan,0,16,0.015264449641108513,1.0,0.5050040483474731,0.0077086088645559325,0,0
23,melan,0,0,0.015334711410105228,1.0,0.5050040483474731,0.007744091342343329,0,0
23,melan,0,84,0.015721138566732407,1.0,0.5050040483474731,0.007939238620831457,0,0
23,melan,0,10,0.017166754230856895,1.0,0.5050040483474731,0.008669280383568845,0,0
23,melan,0,4,0.017341645434498787,1.0,0.5050040483474731,0.008757601149428362,0,0
23,melan,0,58,0.018247360363602638,1.0,0.5050040483474731,0.009214990855274552,0,0
23,h&e,0,7,0.08504567295312881,0.5173583030700684,0.2145187258720398,0.00943862766284892,0,0
23,h&e,0,45,0.08729825913906097,0.5173583030700684,0.2145187258720398,0.009688626534622307,0,0
23,melan,0,34,0.02115265652537346,1.0,0.5050040483474731,0.010682177178617192,0,0
23,melan,0,45,0.02124219574034214,1.0,0.5050040483474731,0.01072739484466223,0,0
23,melan,0,3,0.02203032746911049,1.0,0.5050040483474731,0.011125404558321339,0,0
23,melan,0,74,0.02256590686738491,1.0,0.5050040483474731,0.011395874322661426,0,0
23,melan,0,69,0.022671738639473915,1.0,0.5050040483474731,0.01144931979601016,0,0
23,melan,0,13,0.027178650721907616,1.0,0.5050040483474731,0.01372532864318532,0,0
23,melan,0,32,0.029893526807427406,1.0,0.5050040483474731,0.015096352057134554,0,0
23,melan,0,73,0.03067908063530922,1.0,0.5050040483474731,0.015493059920409724,0,0
23,melan,0,71,0.03314431756734848,1.0,0.5050040483474731,0.016738014551225255,0,0
23,melan,0,11,0.03529893979430199,1.0,0.5050040483474731,0.017826107498496224,0,0
23,sox10,0,84,0.07954689115285873,1.0,0.28047722578048706,0.022311091350016188,0,0
23,melan,0,51,0.06029786542057991,1.0,0.5050040483474731,0.030450666144103966,0,0
23,melan,0,59,0.09848344326019287,1.0,0.5050040483474731,0.04973453754159607,0,0
30,sox10,0,24,0.016281383112072945,1.0,0.28505265712738037,0.00464105151780525,0,0
30,sox10,0,122,0.016586093232035637,1.0,0.28505265712738037,0.0047279099471542185,0,0
30,melan,0,80,0.008636093698441982,1.0,0.5488561987876892,0.004739973559701183,0,0
30,sox10,0,117,0.01682570017874241,1.0,0.28505265712738037,0.0047962105439791625,0,0
30,melan,0,71,0.008983093313872814,1.0,0.5488561987876892,0.004930426449607339,0,0
30,sox10,0,5,0.017881985753774643,1.0,0.28505265712738037,0.005097307553827424,0,0
30,h&e,1,49,0.07261523604393005,0.42286989092826843,0.16609112918376923,0.0051001265783159324,0,0
30,sox10,0,150,0.01828707940876484,1.0,0.28505265712738037,0.0052127805765678215,0,0
30,melan,0,93,0.009841818362474442,1.0,0.5488561987876892,0.005401743015586602,0,0
30,h&e,1,69,0.08119168132543564,0.42286989092826843,0.16609112918376923,0.005702492678196361,0,0
30,melan,0,123,0.012839537113904953,1.0,0.5488561987876892,0.00704705953453133,0,0
30,melan,0,39,0.01295348908752203,1.0,0.5488561987876892,0.007109602781615154,0,0
30,melan,0,126,0.013520228676497936,1.0,0.5488561987876892,0.0074206613181229675,0,0
30,sox10,0,158,0.026444677263498306,1.0,0.28505265712738037,0.007538125520836214,0,0
30,melan,0,66,0.016089502722024918,1.0,0.5488561987876892,0.008830823304394775,0,0
30,sox10,0,13,0.033863067626953125,1.0,0.28505265712738037,0.009652757405547163,0,0
30,melan,0,115,0.020246868953108788,1.0,0.5488561987876892,0.01111261953095577,0,0
30,melan,0,6,0.020284384489059448,1.0,0.5488561987876892,0.011133210165413132,0,0
30,melan,0,75,0.020591747015714645,1.0,0.5488561987876892,0.011301907993442883,0,0
30,melan,0,53,0.022475553676486015,1.0,0.5488561987876892,0.012335846956524787,0,0
30,melan,0,98,0.025518417358398438,1.0,0.5488561987876892,0.014005941550408352,0,0
30,melan,0,63,0.028128977864980698,1.0,0.5488561987876892,0.015438763866756355,0,0
30,melan,0,79,0.03630164638161659,1.0,0.5488561987876892,0.019924383642748955,0,0
30,melan,0,20,0.0370744988322258,1.0,0.5488561987876892,0.020348568501014075,0,0
30,melan,0,17,0.04240598529577255,1.0,0.5488561987876892,0.023274787895284366,0,0
30,melan,0,73,0.04814630001783371,1.0,0.5488561987876892,0.026425395213479863,0,0
30,melan,0,21,0.048829928040504456,1.0,0.5488561987876892,0.026800608691387673,0,0
30,melan,0,49,0.058474574238061905,1.0,0.5488561987876892,0.032094132542031195,0,0
30,melan,0,95,0.05893450975418091,1.0,0.5488561987876892,0.032346571001095725,0,0
30,melan,0,65,0.0829826146364212,1.0,0.5488561987876892,0.045545522434809804,0,0
30,melan,0,131,0.0972212702035904,1.0,0.5488561987876892,0.053360496805253455,0,0
43,melan,0,115,0.02090693637728691,1.0,0.558620274066925,0.01167903852897978,0,0
43,sox10,0,92,0.04493733122944832,1.0,0.263713538646698,0.011850582635856588,0,0
43,melan,0,116,0.021701155230402946,1.0,0.558620274066925,0.012122705282376578,0,0
43,melan,0,21,0.025393204763531685,1.0,0.558620274066925,0.014185159004441616,0,0
43,sox10,0,93,0.05439159646630287,1.0,0.263713538646698,0.014343800376771965,0,0
43,sox10,0,18,0.054934822022914886,1.0,0.263713538646698,0.014487056310589441,0,0
43,melan,0,82,0.026758776977658272,1.0,0.558620274066925,0.014947995328955188,0,0
43,melan,0,107,0.02860810048878193,1.0,0.558620274066925,0.015981064935577494,0,0
43,melan,0,121,0.030224088579416275,1.0,0.558620274066925,0.01688378864565654,0,0
43,sox10,0,91,0.06515822559595108,1.0,0.263713538646698,0.017183106243848112,0,0
43,melan,0,108,0.03304782509803772,1.0,0.558620274066925,0.018461185113581635,0,0
43,h&e,0,66,0.10394292324781418,1.0,0.17766615748405457,0.01846713977109915,0,0
43,melan,0,19,0.03965237736701965,1.0,0.558620274066925,0.022150621912169655,0,0
43,melan,0,23,0.03978925198316574,1.0,0.558620274066925,0.022227082847753987,0,0
43,melan,0,123,0.04481640085577965,1.0,0.558620274066925,0.0250353501287488,0,0
43,melan,0,22,0.0461953803896904,1.0,0.558620274066925,0.025805676053914706,0,0
43,melan,0,28,0.06549660861492157,1.0,0.558620274066925,0.03658773345492161,0,0
43,melan,0,99,0.0749359056353569,1.0,0.558620274066925,0.041860716143476306,0,0
47,melan,0,263,0.005773219279944897,1.0,0.4880651533603668,0.0028177071532493325,1,0
47,melan,0,312,0.005842158105224371,1.0,0.4880651533603668,0.0028513537915818427,1,0
47,h&e,0,240,0.014527788385748863,1.0,0.1982039213180542,0.0028794646261343093,1,0
47,melan,0,3,0.005977114196866751,1.0,0.4880651533603668,0.0029172211571461965,1,0
47,sox10,0,128,0.009348971769213676,1.0,0.313730925321579,0.002933061563960726,1,0
47,sox10,0,134,0.009449576959013939,1.0,0.313730925321579,0.0029646245232489155,1,0
47,melan,0,119,0.00612844992429018,1.0,0.4880651533603668,0.0029910828521600152,1,0
47,melan,0,43,0.00614130636677146,1.0,0.4880651533603668,0.0029973576337313096,1,0
47,melan,0,155,0.006182507611811161,1.0,0.4880651533603668,0.0030174665257102495,1,0
47,melan,0,21,0.006299817468971014,1.0,0.4880651533603668,0.003074721379135656,1,0
47,h&e,0,289,0.015615994110703468,1.0,0.1982039213180542,0.003095151268021068,1,0
47,melan,0,194,0.006368208210915327,1.0,0.4880651533603668,0.0031081005170911363,1,0
47,melan,0,314,0.006714284420013428,1.0,0.4880651533603668,0.003277008255158975,1,0
47,melan,0,176,0.006926535163074732,1.0,0.4880651533603668,0.0033806004466220424,1,0
47,sox10,0,72,0.010857823304831982,1.0,0.313730925321579,0.0034064349524031423,1,0
47,melan,0,276,0.007078215479850769,1.0,0.4880651533603668,0.003454630323691088,1,0
47,h&e,0,281,0.018028797581791878,1.0,0.1982039213180542,0.003573378377360603,1,0
47,melan,0,321,0.007545963395386934,1.0,0.4880651533603668,0.0036829217818212384,1,0
47,melan,0,237,0.007714219391345978,1.0,0.4880651533603668,0.0037650416702927902,1,0
47,sox10,0,131,0.012263133190572262,1.0,0.313730925321579,0.003847324123220003,1,0
47,melan,0,277,0.00788511149585247,1.0,0.4880651533603668,0.0038484481514868274,1,0
47,melan,0,13,0.007962456904351711,1.0,0.4880651533603668,0.0038861977501477296,1,0
47,sox10,0,234,0.01241959910839796,1.0,0.313730925321579,0.0038964123204007495,1,0
47,melan,0,18,0.008215795271098614,1.0,0.4880651533603668,0.004009843378966121,1,0
47,sox10,0,138,0.012906850315630436,1.0,0.313730925321579,0.00404927809250985,1,0
47,melan,0,141,0.008315893821418285,1.0,0.4880651533603668,0.004058697993279042,1,0
47,h&e,0,220,0.02079550363123417,1.0,0.1982039213180542,0.004121750365494448,1,0
47,sox10,0,119,0.013166001066565514,1.0,0.313730925321579,0.004130581697398494,1,0
47,h&e,0,128,0.022212665528059006,1.0,0.1982039213180542,0.004402637410587662,1,0
47,melan,0,48,0.009080000221729279,1.0,0.4880651533603668,0.004431631700730465,1,0
47,melan,0,17,0.009137014858424664,1.0,0.4880651533603668,0.004459458558132984,1,0
47,h&e,0,67,0.02270122990012169,1.0,0.1982039213180542,0.004499472784946779,1,0
47,h&e,0,228,0.023024844005703926,1.0,0.1982039213180542,0.004563614369667013,1,0
47,sox10,0,129,0.015047533437609673,1.0,0.313730925321579,0.004720876589188683,1,0
47,melan,0,39,0.009849591180682182,1.0,0.4880651533603668,0.004807242230136566,1,0
47,sox10,0,135,0.01697802171111107,1.0,0.313730925321579,0.005326530461556733,1,0
47,melan,0,149,0.011377436108887196,1.0,0.4880651533603668,0.005552930099331804,1,0
47,sox10,0,130,0.02081267349421978,1.0,0.313730925321579,0.006529579313757472,1,0
47,melan,0,27,0.01500717829912901,1.0,0.4880651533603668,0.007324480778070769,1,0
47,melan,0,202,0.01604681834578514,1.0,0.4880651533603668,0.007831892856881573,1,0
47,melan,0,14,0.01952981948852539,1.0,0.4880651533603668,0.009531824343767425,1,0
47,h&e,0,312,0.0482148639857769,1.0,0.1982039213180542,0.00955637510779761,1,0
47,h&e,0,92,0.06814981251955032,1.0,0.1982039213180542,0.013507560078465097,1,0
47,melan,0,50,0.041936226189136505,1.0,0.4880651533603668,0.02046761066635594,1,0
47,melan,0,44,0.04994126409292221,1.0,0.4880651533603668,0.02437459071852266,1,0
47,melan,0,45,0.05166658014059067,1.0,0.4880651533603668,0.025216657359923067,1,0
47,h&e,0,303,0.14588911831378937,1.0,0.1982039213180542,0.028915795327426608,1,0
52,melan,0,44,0.009468057192862034,1.0,0.7444095611572266,0.007048112299949949,1,1
52,h&e,0,25,0.03906473144888878,1.0,0.18327052891254425,0.0071594139944643476,1,1
52,melan,0,156,0.009990199469029903,1.0,0.7444095611572266,0.007436800002613708,1,1
52,melan,0,164,0.011445310898125172,1.0,0.7444095611572266,0.008519998862981382,1,1
52,melan,0,163,0.011445310898125172,1.0,0.7444095611572266,0.008519998862981382,1,1
52,melan,0,52,0.011663221754133701,1.0,0.7444095611572266,0.008682213787674087,1,1
52,melan,0,15,0.012122048065066338,1.0,0.7444095611572266,0.00902376848044284,1,1
52,melan,0,95,0.012236984446644783,1.0,0.7444095611572266,0.00910932822181465,1,1
52,melan,0,9,0.012660006061196327,1.0,0.7444095611572266,0.009424229556262986,1,1
52,h&e,0,30,0.05239414796233177,1.0,0.18327052891254425,0.009602303208978646,1,1
52,melan,0,50,0.013716254383325577,1.0,0.7444095611572266,0.010210510906212278,1,1
52,melan,0,118,0.013952966779470444,1.0,0.7444095611572266,0.010386721877146954,1,1
52,melan,0,153,0.01450213510543108,1.0,0.7444095611572266,0.01079552802967676,1,1
52,melan,0,159,0.01627485081553459,1.0,0.7444095611572266,0.012115154553491436,1,1
52,melan,0,36,0.017068956047296524,1.0,0.7444095611572266,0.012706294080579994,1,1
52,melan,0,150,0.021874038502573967,1.0,0.7444095611572266,0.016283243402437364,1,1
52,melan,0,162,0.025347989052534103,1.0,0.7444095611572266,0.018869285406815095,1,1
52,melan,0,158,0.02677144855260849,1.0,0.7444095611572266,0.019928922268590554,1,1
52,melan,0,154,0.028573235496878624,1.0,0.7444095611572266,0.021270189697073505,1,1
52,melan,0,49,0.028912045061588287,1.0,0.7444095611572266,0.021522402776454896,1,1
52,melan,0,92,0.02941138669848442,1.0,0.7444095611572266,0.021894117465244278,1,1
52,melan,0,152,0.03594546392560005,1.0,0.7444095611572266,0.026758147026448853,1,1
52,melan,0,26,0.038195107132196426,1.0,0.7444095611572266,0.028432802938631596,1,1
52,melan,0,161,0.03938066214323044,1.0,0.7444095611572266,0.029315341424123176,1,1
52,melan,0,43,0.05210905149579048,1.0,0.7444095611572266,0.03879047615630071,1,1
52,melan,0,144,0.056312672793865204,1.0,0.7444095611572266,0.04191969204207169,1,1
52,melan,0,151,0.05709816515445709,1.0,0.7444095611572266,0.04250442006551225,1,1
52,melan,0,47,0.08352077007293701,1.0,0.7444095611572266,0.06217365979750866,1,1
59,melan,0,9,0.017135601490736008,1.0,0.726514458656311,0.012449262240792347,1,1
59,melan,0,70,0.0174961406737566,1.0,0.726514458656311,0.01271119917016894,1,1
59,melan,0,8,0.017657753080129623,1.0,0.726514458656311,0.012828612920097182,1,1
59,melan,0,87,0.01799551583826542,1.0,0.726514458656311,0.013074002447478472,1,1
59,melan,0,82,0.01803399808704853,1.0,0.726514458656311,0.013101960357621012,1,1
59,melan,0,68,0.018403977155685425,1.0,0.726514458656311,0.013370755500385911,1,1
59,melan,0,73,0.018935613334178925,1.0,0.726514458656311,0.013756996870806226,1,1
59,melan,0,88,0.01900131069123745,1.0,0.726514458656311,0.013804726950604751,1,1
59,melan,0,6,0.019037459045648575,1.0,0.726514458656311,0.013830989252741066,1,1
59,melan,0,72,0.01917245239019394,1.0,0.726514458656311,0.013929063869375646,1,1
59,melan,0,7,0.01946360059082508,1.0,0.726514458656311,0.01414058724674594,1,1
59,melan,0,75,0.020186960697174072,1.0,0.726514458656311,0.014666118822823648,1,1
59,melan,0,3,0.020450716838240623,1.0,0.726514458656311,0.014857741472867891,1,1
59,melan,0,84,0.02223460003733635,1.0,0.726514458656311,0.01615375840956501,1,1
59,melan,0,86,0.022665489464998245,1.0,0.726514458656311,0.01646680580884352,1,1
59,melan,0,5,0.023094136267900467,1.0,0.726514458656311,0.016778223908808787,1,1
59,melan,0,85,0.02615218609571457,1.0,0.726514458656311,0.018999941324007175,1,1
59,melan,0,80,0.030974505469202995,1.0,0.726514458656311,0.02250342607310496,1,1
64,melan,2,33,0.017755893990397453,0.2896837294101715,0.6303069591522217,0.0032420428349222968,1,1
64,melan,1,70,0.01271544024348259,0.4073268175125122,0.6303069591522217,0.0032645739245748444,1,1
64,melan,1,72,0.01271544024348259,0.4073268175125122,0.6303069591522217,0.0032645739245748444,1,1
64,melan,1,71,0.01271544024348259,0.4073268175125122,0.6303069591522217,0.0032645739245748444,1,1
64,melan,3,49,0.020586984232068062,0.2552012503147125,0.6303069591522217,0.003311521902623457,1,1
64,melan,3,57,0.020672693848609924,0.2552012503147125,0.6303069591522217,0.003325308733625237,1,1
64,melan,2,12,0.018218588083982468,0.2896837294101715,0.6303069591522217,0.0033265259970587354,1,1
64,melan,3,39,0.020804191008210182,0.2552012503147125,0.6303069591522217,0.003346460725545973,1,1
64,melan,1,62,0.013066111132502556,0.4073268175125122,0.6303069591522217,0.0033546054939488446,1,1
64,melan,1,24,0.013123785145580769,0.4073268175125122,0.6303069591522217,0.003369412773572311,1,1
64,h&e,1,33,0.04329528287053108,0.2742213010787964,0.2845888137817383,0.003378777504038743,1,1
64,melan,2,49,0.019128145650029182,0.2896837294101715,0.6303069591522217,0.0034926018134353067,1,1
64,h&e,2,7,0.04427702724933624,0.2789997160434723,0.2845888137817383,0.0035156047408207458,1,1
64,melan,2,48,0.019309259951114655,0.2896837294101715,0.6303069591522217,0.0035256714140115245,1,1
64,melan,3,53,0.022001290693879128,0.2552012503147125,0.6303069591522217,0.0035390203439936985,1,1
64,melan,1,2,0.013848025351762772,0.4073268175125122,0.6303069591522217,0.003555354876005008,1,1
64,h&e,2,62,0.0448702797293663,0.2789997160434723,0.2845888137817383,0.0035627091053380953,1,1
64,h&e,2,44,0.0455128513276577,0.2789997160434723,0.2845888137817383,0.003613729417622133,1,1
64,melan,3,41,0.0226932093501091,0.2552012503147125,0.6303069591522217,0.0036503190052794158,1,1
64,melan,3,45,0.022772997617721558,0.2552012503147125,0.6303069591522217,0.0036631533569645674,1,1
64,melan,2,54,0.02082650549709797,0.2896837294101715,0.6303069591522217,0.0038027047784725426,1,1
64,melan,2,18,0.02118419110774994,0.2896837294101715,0.6303069591522217,0.0038680144762999885,1,1
64,melan,2,29,0.021190304309129715,0.2896837294101715,0.6303069591522217,0.003869130683726236,1,1
64,melan,3,35,0.02420310489833355,0.2552012503147125,0.6303069591522217,0.0038931934410032457,1,1
64,h&e,2,50,0.049202173948287964,0.2789997160434723,0.2845888137817383,0.003906662365050292,1,1
64,h&e,1,42,0.050519801676273346,0.2742213010787964,0.2845888137817383,0.003942581225828525,1,1
64,melan,2,35,0.02275034971535206,0.2896837294101715,0.6303069591522217,0.0041539788605700415,1,1
64,melan,1,4,0.0162220299243927,0.4073268175125122,0.6303069591522217,0.004164859012411256,1,1
64,melan,2,47,0.02348969504237175,0.2896837294101715,0.6303069591522217,0.004288975680290512,1,1
64,melan,2,14,0.023648325353860855,0.2896837294101715,0.6303069591522217,0.004317939936612546,1,1
64,melan,1,34,0.016917644068598747,0.4073268175125122,0.6303069591522217,0.0043434516331350625,1,1
64,melan,1,29,0.01708354987204075,0.4073268175125122,0.6303069591522217,0.004386046443026132,1,1
64,melan,2,20,0.024082669988274574,0.2896837294101715,0.6303069591522217,0.004397246780337198,1,1
64,melan,1,64,0.018340297043323517,0.4073268175125122,0.6303069591522217,0.004708704877700135,1,1
64,h&e,3,48,0.054877132177352905,0.30636730790138245,0.2845888137817383,0.004784666293741799,1,1
64,melan,2,16,0.026678182184696198,0.2896837294101715,0.6303069591522217,0.004871160497321144,1,1
64,melan,1,54,0.019258685410022736,0.4073268175125122,0.6303069591522217,0.004944492758980602,1,1
64,melan,3,46,0.031205499544739723,0.2552012503147125,0.6303069591522217,0.005019564500551965,1,1
64,melan,2,52,0.02763788029551506,0.2896837294101715,0.6303069591522217,0.005046391459251387,1,1
64,melan,2,40,0.027920670807361603,0.2896837294101715,0.6303069591522217,0.005098026085658365,1,1
64,melan,1,6,0.019952043890953064,0.4073268175125122,0.6303069591522217,0.00512250625862236,1,1
64,melan,2,38,0.028614748269319534,0.2896837294101715,0.6303069591522217,0.005224757460808426,1,1
64,melan,2,1,0.028701625764369965,0.2896837294101715,0.6303069591522217,0.005240620394012272,1,1
64,melan,2,41,0.02934354357421398,0.2896837294101715,0.6303069591522217,0.0053578279554642215,1,1
64,melan,1,3,0.02099122852087021,0.4073268175125122,0.6303069591522217,0.005389307484587409,1,1
64,melan,1,73,0.021229108795523643,0.4073268175125122,0.6303069591522217,0.005450381086989995,1,1
64,melan,2,25,0.030371978878974915,0.2896837294101715,0.6303069591522217,0.005545609618994342,1,1
64,h&e,3,65,0.06540374457836151,0.30636730790138245,0.2845888137817383,0.005702468036362304,1,1
64,melan,1,26,0.022647934034466743,0.4073268175125122,0.6303069591522217,0.005814651595119387,1,1
64,melan,2,36,0.03233278542757034,0.2896837294101715,0.6303069591522217,0.005903632640813489,1,1
64,melan,2,6,0.03243473917245865,0.2896837294101715,0.6303069591522217,0.005922248341509122,1,1
64,melan,3,44,0.03691580891609192,0.2552012503147125,0.6303069591522217,0.005938097022888734,1,1
64,h&e,3,62,0.06856203079223633,0.30636730790138245,0.2845888137817383,0.00597783493317242,1,1
64,melan,1,8,0.023387067019939423,0.4073268175125122,0.6303069591522217,0.006004417283523612,1,1
64,melan,3,34,0.038386184722185135,0.2552012503147125,0.6303069591522217,0.006174614505589316,1,1
64,melan,1,20,0.02501625195145607,0.4073268175125122,0.6303069591522217,0.0064226957342808,1,1
64,melan,1,9,0.026902949437499046,0.4073268175125122,0.6303069591522217,0.006907088197188547,1,1
64,h&e,3,68,0.08061560988426208,0.30636730790138245,0.2845888137817383,0.007028770929867364,1,1
64,melan,1,51,0.028202533721923828,0.4073268175125122,0.6303069591522217,0.007240744672031798,1,1
64,h&e,1,30,0.09673185646533966,0.2742213010787964,0.2845888137817383,0.007548984528553679,1,1
64,h&e,3,43,0.08800364285707474,0.30636730790138245,0.2845888137817383,0.007672923984874453,1,1
64,melan,1,32,0.030288999900221825,0.4073268175125122,0.6303069591522217,0.00777642593432,1,1
64,melan,2,27,0.0438123382627964,0.2896837294101715,0.6303069591522217,0.007999680411637306,1,1
64,melan,3,47,0.05047697201371193,0.2552012503147125,0.6303069591522217,0.008119479595323258,1,1
64,melan,3,56,0.050666213035583496,0.2552012503147125,0.6303069591522217,0.008149919983373218,1,1
64,melan,1,27,0.03196106478571892,0.4073268175125122,0.6303069591522217,0.008205713424243038,1,1
64,melan,1,28,0.03266420587897301,0.4073268175125122,0.6303069591522217,0.008386238520848396,1,1
64,melan,3,52,0.05224020779132843,0.2552012503147125,0.6303069591522217,0.008403105105074757,1,1
64,melan,1,7,0.03409836068749428,0.4073268175125122,0.6303069591522217,0.008754444756892951,1,1
64,h&e,3,64,0.10457420349121094,0.30636730790138245,0.2845888137817383,0.009117689769615587,1,1
64,melan,1,52,0.03696354851126671,0.4073268175125122,0.6303069591522217,0.009490055736881716,1,1
64,melan,1,14,0.037689391523599625,0.4073268175125122,0.6303069591522217,0.009676409345252567,1,1
64,melan,2,31,0.053014788776636124,0.2896837294101715,0.6303069591522217,0.009679952819675784,1,1
64,melan,1,53,0.03995967656373978,0.4073268175125122,0.6303069591522217,0.010259284432663931,1,1
64,melan,3,40,0.06450050324201584,0.2552012503147125,0.6303069591522217,0.010375236450779275,1,1
64,melan,2,46,0.05903016775846481,0.2896837294101715,0.6303069591522217,0.010778298886504455,1,1
64,melan,3,33,0.07066255807876587,0.2552012503147125,0.6303069591522217,0.01136643454599512,1,1
64,melan,1,25,0.07027710229158401,0.4073268175125122,0.6303069591522217,0.01804300844033913,1,1
64,melan,3,50,0.11896172910928726,0.2552012503147125,0.6303069591522217,0.019135603693994262,1,1
64,melan,1,21,0.10053562372922897,0.4073268175125122,0.6303069591522217,0.02581160930590144,1,1
69,sox10,3,20,0.053975366055965424,0.32952654361724854,0.4752673804759979,0.008453255726615944,1,0
69,sox10,3,12,0.05506158992648125,0.32952654361724854,0.4752673804759979,0.008623372741557615,1,0
69,melan,0,67,0.05058674514293671,0.4212144613265991,0.41907480359077454,0.008929590850849984,1,0
69,sox10,1,1,0.06268792599439621,0.3067636787891388,0.4752673804759979,0.009139571754844056,1,0
69,melan,0,68,0.05507328361272812,0.4212144613265991,0.41907480359077454,0.009721556271013603,1,0
69,melan,0,65,0.055605512112379074,0.4212144613265991,0.41907480359077454,0.00981550544144582,1,0
69,h&e,3,24,0.22676965594291687,0.4131685495376587,0.10565781593322754,0.009899512896770527,1,0
69,sox10,2,0,0.12625806033611298,0.16638582944869995,0.4752673804759979,0.009984204253742216,1,0
69,melan,2,6,0.0949847474694252,0.25860679149627686,0.41907480359077454,0.010294028081581119,1,0
69,melan,2,7,0.09520941972732544,0.25860679149627686,0.41907480359077454,0.01031837707016712,1,0
69,sox10,3,6,0.076197050511837,0.32952654361724854,0.4752673804759979,0.011933465220459441,1,0
69,sox10,1,11,0.08465475589036942,0.3067636787891388,0.4752673804759979,0.012342220668107634,1,0
69,sox10,1,10,0.08465475589036942,0.3067636787891388,0.4752673804759979,0.012342220668107634,1,0
69,sox10,2,12,0.16890108585357666,0.16638582944869995,0.4752673804759979,0.013356319076593822,1,0
69,sox10,2,9,0.19208182394504547,0.16638582944869995,0.4752673804759979,0.015189399857667164,1,0
69,melan,1,7,0.3339761197566986,0.11657749861478806,0.41907480359077454,0.01631630057798272,1,0
69,sox10,1,3,0.11303391307592392,0.3067636787891388,0.4752673804759979,0.01647975336399806,1,0
69,melan,0,1,0.11354385316371918,0.4212144613265991,0.41907480359077454,0.02004280270486169,1,0
69,sox10,1,5,0.13914622366428375,0.3067636787891388,0.4752673804759979,0.020286791681527066,1,0
69,sox10,3,16,0.13184602558612823,0.32952654361724854,0.4752673804759979,0.020648830239740665,1,0
69,sox10,1,6,0.18146143853664398,0.3067636787891388,0.4752673804759979,0.026456128703175416,1,0
69,melan,2,4,0.33622023463249207,0.25860679149627686,0.41907480359077454,0.03643806641710294,1,0
69,sox10,3,21,0.2605920135974884,0.32952654361724854,0.4752673804759979,0.04081215362151095,1,0
78,melan,0,11,0.018388833850622177,1.0,0.6094993352890015,0.011207982008694106,0,0
78,melan,0,0,0.018467774614691734,1.0,0.6094993352890015,0.011256096351921707,0,0
78,melan,0,36,0.018937429413199425,1.0,0.6094993352890015,0.011542350639427434,0,0
78,melan,0,76,0.019412057474255562,1.0,0.6094993352890015,0.011831636127150658,0,0
78,melan,0,108,0.020109156146645546,1.0,0.6094993352890015,0.012256517304603198,0,0
78,melan,0,49,0.020418131723999977,1.0,0.6094993352890015,0.01244483771362126,0,0
78,melan,0,73,0.02073245495557785,1.0,0.6094993352890015,0.012636417514333864,0,0
78,melan,0,83,0.02131454087793827,1.0,0.6094993352890015,0.012991198497093626,0,0
78,melan,0,71,0.021469000726938248,1.0,0.6094993352890015,0.013085341672387951,0,0
78,melan,0,77,0.021482910960912704,1.0,0.6094993352890015,0.013093819950749097,0,0
78,sox10,0,69,0.044125743210315704,1.0,0.3182791471481323,0.014044303916256773,0,0
78,sox10,0,73,0.046775177121162415,1.0,0.3182791471481323,0.014887563481826405,0,0
78,melan,0,55,0.02605121023952961,1.0,0.6094993352890015,0.015878195324467326,0,0
78,melan,0,4,0.028795888647437096,1.0,0.6094993352890015,0.017551074989669013,0,0
78,melan,0,68,0.032689470797777176,1.0,0.6094993352890015,0.019924210722194413,0,0
78,melan,0,34,0.03309540078043938,1.0,0.6094993352890015,0.0201716247768009,0,0
78,melan,0,78,0.03837565705180168,1.0,0.6094993352890015,0.023389937464351807,0,0
78,melan,0,95,0.05546347796916962,1.0,0.6094993352890015,0.03380495295502506,0,0
78,sox10,0,57,0.13393855094909668,1.0,0.3182791471481323,0.04262984776633516,0,0
78,sox10,0,51,0.2545742988586426,1.0,0.3182791471481323,0.08102569072656252,0,0
83,melan,0,39,0.0015317347133532166,1.0,0.9457805156707764,0.001448684847066034,1,1
83,sox10,0,117,0.03176066279411316,1.0,0.047418851405382156,0.0015060541495705015,1,1
83,melan,0,135,0.0016537676565349102,1.0,0.9457805156707764,0.0015641012269972387,1,1
83,melan,0,151,0.001672849990427494,1.0,0.9457805156707764,0.0015821489265863686,1,1
83,melan,0,29,0.001703346730209887,1.0,0.9457805156707764,0.0016109921488640377,1,1
83,melan,0,32,0.001803223742172122,1.0,0.9457805156707764,0.0017054538807413366,1,1
83,melan,0,260,0.001861509052105248,1.0,0.9457805156707764,0.0017605789912259195,1,1
83,melan,0,122,0.0018654904561117291,1.0,0.9457805156707764,0.001764344525560263,1,1
83,melan,0,146,0.00193097407463938,1.0,0.9457805156707764,0.001826277656059333,1,1
83,melan,0,241,0.0019419867312535644,1.0,0.9457805156707764,0.0018366932121108015,1,1
83,melan,0,139,0.0019718343392014503,1.0,0.9457805156707764,0.0018649224981472923,1,1
83,sox10,0,125,0.039540037512779236,1.0,0.047418851405382156,0.0018749431633817149,1,1
83,melan,0,230,0.002025814028456807,1.0,0.9457805156707764,0.0019159754364869719,1,1
83,melan,0,252,0.0020790891721844673,1.0,0.9457805156707764,0.001966362029394153,1,1
83,melan,0,153,0.0021619449835270643,1.0,0.9457805156707764,0.002044725441372075,1,1
83,sox10,0,83,0.043743796646595,1.0,0.047418851405382156,0.0020742805930921426,1,1
83,melan,0,19,0.0021954718977212906,1.0,0.9457805156707764,0.00207643454356754,1,1
83,melan,0,16,0.0022055208683013916,1.0,0.9457805156707764,0.0020859386641447486,1,1
83,melan,0,229,0.002468105871230364,1.0,0.9457805156707764,0.0023342864436223243,1,1
83,melan,0,126,0.002491563558578491,1.0,0.9457805156707764,0.00235647226725888,1,1
83,melan,0,120,0.0025062980130314827,1.0,0.9457805156707764,0.002370407827189558,1,1
83,melan,0,261,0.0025633114855736494,1.0,0.9457805156707764,0.00242433005865067,1,1
83,melan,0,217,0.0026345644146203995,1.0,0.9457805156707764,0.0024917196906275585,1,1
83,melan,0,143,0.002643424551934004,1.0,0.9457805156707764,0.002500099435864933,1,1
83,melan,0,97,0.0030604663770645857,1.0,0.9457805156707764,0.0028945294682932166,1,1
83,melan,0,50,0.0032441618386656046,1.0,0.9457805156707764,0.0030682650566926095,1,1
83,melan,0,54,0.003294228110462427,1.0,0.9457805156707764,0.0031156167610503216,1,1
83,melan,0,238,0.0035297470167279243,1.0,0.9457805156707764,0.003338365953668321,1,1
83,melan,0,188,0.00375751918181777,1.0,0.9457805156707764,0.0035537884294224442,1,1
83,melan,0,262,0.0037792937364429235,1.0,0.9457805156707764,0.0035743823789243234,1,1
83,sox10,0,122,0.07616107165813446,1.0,0.047418851405382156,0.0036114705398317404,1,1
83,melan,0,166,0.003839448792859912,1.0,0.9457805156707764,0.0036312758592025873,1,1
83,melan,0,251,0.003957394510507584,1.0,0.9457805156707764,0.003742826620860562,1,1
83,melan,0,236,0.004076348152011633,1.0,0.9457805156707764,0.0038553306572631785,1,1
83,melan,0,168,0.00436293613165617,1.0,0.9457805156707764,0.004126379984436435,1,1
83,melan,0,185,0.005217818543314934,1.0,0.9457805156707764,0.004934911112572937,1,1
83,melan,0,159,0.005486498586833477,1.0,0.9457805156707764,0.005189023462682352,1,1
83,melan,0,52,0.005588485859334469,1.0,0.9457805156707764,0.005285481037860196,1,1
83,melan,0,141,0.0056748585775494576,1.0,0.9457805156707764,0.005367170671833454,1,1
83,melan,0,1,0.005979688372462988,1.0,0.9457805156707764,0.00565547275245859,1,1
83,melan,0,228,0.006444205995649099,1.0,0.9457805156707764,0.006094804469653714,1,1
83,melan,0,193,0.006465813145041466,1.0,0.9457805156707764,0.006115240090548202,1,1
83,melan,0,249,0.006716904230415821,1.0,0.9457805156707764,0.0063527171467538945,1,1
83,melan,0,164,0.006748439744114876,1.0,0.9457805156707764,0.006382542821162129,1,1
83,melan,0,152,0.0069998386316001415,1.0,0.9457805156707764,0.0066203109906070035,1,1
83,melan,0,191,0.007169495802372694,1.0,0.9457805156707764,0.006780769437067513,1,1
83,melan,0,144,0.007962122559547424,1.0,0.9457805156707764,0.007530420380202685,1,1
83,melan,0,181,0.008166270330548286,1.0,0.9457805156707764,0.00772349936433292,1,1
83,melan,0,65,0.00826608669012785,1.0,0.9457805156707764,0.007817903732368459,1,1
83,melan,0,38,0.008349128998816013,1.0,0.9457805156707764,0.007896443529902042,1,1
83,melan,0,163,0.008571794256567955,1.0,0.9457805156707764,0.00810703599220064,1,1
83,melan,0,265,0.008715257048606873,1.0,0.9457805156707764,0.008242720305634776,1,1
83,melan,0,24,0.009289151057600975,1.0,0.9457805156707764,0.008785498077401588,1,1
83,melan,0,68,0.009582126513123512,1.0,0.9457805156707764,0.009062588554804574,1,1
83,melan,0,247,0.009649855084717274,1.0,0.9457805156707764,0.009126644918172166,1,1
83,melan,0,268,0.009979655034840107,1.0,0.9457805156707764,0.009438563285067536,1,1
83,melan,0,165,0.010102479718625546,1.0,0.9457805156707764,0.009554728477835228,1,1
83,melan,0,53,0.011489593423902988,1.0,0.9457805156707764,0.01086663359330653,1,1
83,melan,0,10,0.012552638538181782,1.0,0.9457805156707764,0.011872040949670426,1,1
83,melan,0,187,0.012781970202922821,1.0,0.9457805156707764,0.012088938369808844,1,1
83,melan,0,34,0.01353481411933899,1.0,0.9457805156707764,0.012800963477296534,1,1
83,melan,0,233,0.014895247295498848,1.0,0.9457805156707764,0.014087634668180637,1,1
83,melan,0,61,0.015760479494929314,1.0,0.9457805156707764,0.014905954423932943,1,1
83,melan,0,25,0.01611643098294735,1.0,0.9457805156707764,0.015242606405824422,1,1
83,melan,0,237,0.01648213155567646,1.0,0.9457805156707764,0.015588478882081258,1,1
83,melan,0,167,0.0174432173371315,1.0,0.9457805156707764,0.016497455088069657,1,1
83,melan,0,5,0.01858651451766491,1.0,0.9457805156707764,0.01757876328503949,1,1
83,melan,0,239,0.021060233935713768,1.0,0.9457805156707764,0.01991835891186655,1,1
83,melan,0,158,0.021118979901075363,1.0,0.9457805156707764,0.01997391970127982,1,1
83,melan,0,9,0.02340296097099781,1.0,0.9457805156707764,0.022134064495373362,1,1
83,melan,0,264,0.02346848137676716,1.0,0.9457805156707764,0.022196032418528855,1,1
83,melan,0,95,0.023838335648179054,1.0,0.9457805156707764,0.022545833382067837,1,1
83,melan,0,250,0.02579355798661709,1.0,0.9457805156707764,0.024395044573566782,1,1
83,melan,0,31,0.027043715119361877,1.0,0.9457805156707764,0.025577418831243648,1,1
83,melan,0,267,0.027509747073054314,1.0,0.9457805156707764,0.02601818277272594,1,1
83,melan,0,23,0.028416428714990616,1.0,0.9457805156707764,0.02687570460358568,1,1
83,melan,0,30,0.028788043186068535,1.0,0.9457805156707764,0.02722717032967248,1,1
83,melan,0,2,0.03115938976407051,1.0,0.9457805156707764,0.02946994371904932,1,1
83,melan,0,67,0.038745880126953125,1.0,0.9457805156707764,0.03664509848658781,1,1
83,melan,0,231,0.04422841966152191,1.0,0.9457805156707764,0.0418303775547777,1,1
83,melan,0,234,0.05294705554842949,1.0,0.9457805156707764,0.05007629349984288,1,1
83,melan,0,266,0.05348629504442215,1.0,0.9457805156707764,0.05058629570843287,1,1
83,melan,0,3,0.055988553911447525,1.0,0.9457805156707764,0.0529528833900299,1,1
89,h&e,0,47,0.014292609877884388,0.7279866337776184,0.5408667325973511,0.005627625838988147,1,1
89,melan,0,34,0.014248470775783062,1.0,0.40770792961120605,0.005809214520120287,1,1
89,h&e,0,9,0.014959999360144138,0.7279866337776184,0.5408667325973511,0.005890406277768992,1,1
89,melan,0,193,0.014486313797533512,1.0,0.40770792961120605,0.005906185006090636,1,1
89,h&e,0,83,0.01658433862030506,0.7279866337776184,0.5408667325973511,0.006529979712562665,1,1
89,melan,0,25,0.0160682313144207,1.0,0.40770792961120605,0.006551145321716412,1,1
89,h&e,0,86,0.016758114099502563,0.7279866337776184,0.5408667325973511,0.006598402721745027,1,1
89,h&e,0,37,0.01783156953752041,0.7279866337776184,0.5408667325973511,0.007021069093499782,1,1
89,melan,0,27,0.017871318385004997,1.0,0.40770792961120605,0.00728627821817307,1,1
89,melan,0,196,0.018216565251350403,1.0,0.40770792961120605,0.007427038103255512,1,1
89,melan,0,68,0.018857799470424652,1.0,0.40770792961120605,0.007688474379110133,1,1
89,melan,0,2,0.01885882206261158,1.0,0.40770792961120605,0.007688891298053502,1,1
89,melan,0,202,0.02042417787015438,1.0,0.40770792961120605,0.008327099273451655,1,1
89,h&e,0,30,0.021862048655748367,0.7279866337776184,0.5408667325973511,0.008608045063811458,1,1
89,h&e,0,150,0.021891916170716286,0.7279866337776184,0.5408667325973511,0.00861980521121742,1,1
89,h&e,0,48,0.02259802259504795,0.7279866337776184,0.5408667325973511,0.00889783020403508,1,1
89,h&e,0,27,0.024783099070191383,0.7279866337776184,0.5408667325973511,0.009758190413734059,1,1
89,melan,0,139,0.024368688464164734,1.0,0.40770792961120605,0.009935307521065084,1,1
89,melan,0,101,0.025733495131134987,1.0,0.40770792961120605,0.010491750021575097,1,1
89,h&e,1,74,0.07284104079008102,0.2720133662223816,0.5408667325973511,0.010716591031881023,1,1
89,h&e,0,184,0.028150873258709908,0.7279866337776184,0.5408667325973511,0.011084230458562426,1,1
89,melan,0,13,0.027243953198194504,1.0,0.40770792961120605,0.011107575752860477,1,1
89,h&e,0,36,0.029400719329714775,0.7279866337776184,0.5408667325973511,0.01157634953996465,1,1
89,melan,0,134,0.030159760266542435,1.0,0.40770792961120605,0.012296373415842332,1,1
89,h&e,0,179,0.033445339649915695,0.7279866337776184,0.5408667325973511,0.01316889352019875,1,1
89,melan,0,12,0.03585443273186684,1.0,0.40770792961120605,0.014618136536493687,1,1
89,h&e,0,45,0.03824622184038162,0.7279866337776184,0.5408667325973511,0.015059210886714825,1,1
89,h&e,0,182,0.04114139452576637,0.7279866337776184,0.5408667325973511,0.016199167042505153,1,1
89,h&e,1,30,0.12880165874958038,0.2720133662223816,0.5408667325973511,0.018949683942944353,1,1
89,h&e,0,34,0.05728839710354805,0.7279866337776184,0.5408667325973511,0.02255694842080602,1,1
89,h&e,0,76,0.06381139159202576,0.7279866337776184,0.5408667325973511,0.025125336744882217,1,1
89,melan,0,38,0.06451832503080368,1.0,0.40770792961120605,0.02630463272029182,1,1
89,melan,0,30,0.06766031682491302,1.0,0.40770792961120605,0.02758564768952354,1,1
89,melan,0,21,0.0883847326040268,1.0,0.40770792961120605,0.036035156339227825,1,1
89,h&e,0,49,0.09863469004631042,0.7279866337776184,0.5408667325973511,0.03883679293479513,1,1
95,melan,0,70,0.017666678875684738,1.0,0.7167683243751526,0.012662915814998454,1,1
95,melan,0,41,0.017915181815624237,1.0,0.7167683243751526,0.012841034850861188,1,1
95,melan,0,9,0.018476048484444618,1.0,0.7167683243751526,0.013243046313269446,1,1
95,melan,0,14,0.01948542147874832,1.0,0.7167683243751526,0.013966532903066042,1,1
95,h&e,1,68,0.12017109990119934,0.677760660648346,0.18331865966320038,0.014930799614317888,1,1
95,melan,0,12,0.02178259566426277,1.0,0.7167683243751526,0.01561307459481509,1,1
95,melan,0,33,0.02251596935093403,1.0,0.7167683243751526,0.016138733623351276,1,1
95,melan,0,61,0.023812148720026016,1.0,0.7167683243751526,0.017067793937824982,1,1
95,melan,0,30,0.025457654148340225,1.0,0.7167683243751526,0.018247240106427975,1,1
95,melan,0,63,0.026267828419804573,1.0,0.7167683243751526,0.018827947361437336,1,1
95,melan,0,65,0.030654391273856163,1.0,0.7167683243751526,0.02197209666810218,1,1
95,melan,0,67,0.031424760818481445,1.0,0.7167683243751526,0.022524273155752894,1,1
95,melan,0,36,0.03268595039844513,1.0,0.7167683243751526,0.023428253897702866,1,1
95,melan,0,17,0.03647957369685173,1.0,0.7167683243751526,0.026147402912612305,1,1
95,melan,0,28,0.04437347128987312,1.0,0.7167683243751526,0.0318054986631513,1,1
95,melan,0,40,0.04474371671676636,1.0,0.7167683243751526,0.032070878857393126,1,1
95,melan,0,93,0.05603524670004845,1.0,0.7167683243751526,0.040164289883142024,1,1
95,melan,0,79,0.0665777251124382,1.0,0.7167683243751526,0.04772080446955185,1,1
95,melan,0,11,0.0714891254901886,1.0,0.7167683243751526,0.05124114068864749,1,1
96,sox10,0,119,0.02719583734869957,1.0,0.14749902486801147,0.004011359489402233,0,1
96,h&e,0,244,0.024901362136006355,0.6395325064659119,0.2637648582458496,0.004200516176246731,0,1
96,melan,0,34,0.007277735974639654,1.0,0.5887361168861389,0.0042846660174319096,0,1
96,melan,0,29,0.007377214729785919,1.0,0.5887361168861389,0.004343232753449389,0,1
96,melan,0,205,0.007471805904060602,1.0,0.5887361168861389,0.0043989219940835655,0,1
96,h&e,0,258,0.026155829429626465,0.6395325064659119,0.2637648582458496,0.004412127498175357,0,1
96,sox10,0,107,0.030956311151385307,1.0,0.14749902486801147,0.004566025708340082,0,1
96,sox10,0,82,0.03236306086182594,1.0,0.14749902486801147,0.004773519918863434,0,1
96,h&e,1,52,0.051161862909793854,0.36046749353408813,0.2637648582458496,0.004864401232182444,0,1
96,h&e,0,200,0.028837593272328377,0.6395325064659119,0.2637648582458496,0.00486450405254282,0,1
96,melan,0,189,0.008562077768146992,1.0,0.5887361168861389,0.005040804417695999,0,1
96,h&e,0,204,0.030149564146995544,0.6395325064659119,0.2637648582458496,0.005085815435097086,0,1
96,sox10,0,111,0.03456892818212509,1.0,0.14749902486801147,0.005098883197595772,0,1
96,melan,0,7,0.008856822736561298,1.0,0.5887361168861389,0.005214331425871965,0,1
96,melan,0,197,0.009002882055938244,1.0,0.5887361168861389,0.005300321822396981,0,1
96,h&e,1,55,0.059765223413705826,0.36046749353408813,0.2637648582458496,0.005682397197456958,0,1
96,sox10,0,109,0.04094438999891281,1.0,0.14749902486801147,0.006039257598655201,0,1
96,melan,0,57,0.01039155200123787,1.0,0.5887361168861389,0.006117881973629169,0,1
96,melan,0,211,0.010407335124909878,1.0,0.5887361168861389,0.006127174068572161,0,1
96,melan,0,186,0.010563857853412628,1.0,0.5887361168861389,0.006219324651955294,0,1
96,sox10,0,115,0.04258288815617561,1.0,0.14749902486801147,0.006280934479099498,0,1
96,sox10,0,108,0.04745766147971153,1.0,0.14749902486801147,0.006999958790773642,0,1
96,melan,0,37,0.012280070222914219,1.0,0.5887361168861389,0.0072297208581276196,0,1
96,h&e,0,32,0.04299239441752434,0.6395325064659119,0.2637648582458496,0.007252223682385009,0,1
96,melan,0,61,0.013936921022832394,1.0,0.5887361168861389,0.008205168764331139,0,1
96,h&e,0,265,0.04969075322151184,0.6395325064659119,0.2637648582458496,0.00838214438137239,0,1
96,sox10,0,87,0.06809511035680771,1.0,0.14749902486801147,0.010043962375908766,0,1
96,melan,0,41,0.018260065466165543,1.0,0.5887361168861389,0.010750360036636986,0,1
96,melan,0,102,0.01830305904150009,1.0,0.5887361168861389,0.0107756719072305,0,1
96,h&e,1,68,0.11567652225494385,0.36046749353408813,0.2637648582458496,0.010998368421096182,0,1
96,sox10,0,105,0.07869255542755127,1.0,0.14749902486801147,0.011607075189935756,0,1
96,sox10,0,81,0.09468826651573181,1.0,0.14749902486801147,0.013966426977512825,0,1
96,melan,0,220,0.02373773604631424,1.0,0.5887361168861389,0.013975262543575173,0,1
96,melan,0,187,0.023801255971193314,1.0,0.5887361168861389,0.014012659017493378,0,1
96,melan,0,30,0.023848090320825577,1.0,0.5887361168861389,0.014040232090632765,0,1
96,melan,0,225,0.0270740557461977,1.0,0.5887361168861389,0.01593947444837529,0,1
96,melan,0,203,0.02784777618944645,1.0,0.5887361168861389,0.01639499161768898,0,1
96,melan,0,195,0.035195156931877136,1.0,0.5887361168861389,0.02072066002527162,0,1
96,melan,0,98,0.0353543683886528,1.0,0.5887361168861389,0.02081439356009751,0,1
96,melan,0,3,0.03734080493450165,1.0,0.5887361168861389,0.021983880498541275,0,1
96,melan,0,209,0.06963016837835312,1.0,0.5887361168861389,0.040993794949199636,0,1
96,melan,0,202,0.083176389336586,1.0,0.5887361168861389,0.04896894447463129,0,1
96,melan,0,196,0.13975848257541656,1.0,0.5887361168861389,0.08228086633334986,0,1
