split_id,case_id,seed,prob_class1
split_1_data_splits_new_01,5,1,0.9999996423721313
split_1_data_splits_new_01,14,1,1.0
split_1_data_splits_new_01,19,1,0.9999750852584839
split_1_data_splits_new_01,25,1,0.0003326613805256784
split_1_data_splits_new_01,27,1,0.007602702360600233
split_1_data_splits_new_01,36,1,0.00014844787074252963
split_1_data_splits_new_01,44,1,0.917414128780365
split_1_data_splits_new_01,49,1,0.999941349029541
split_1_data_splits_new_01,54,1,0.8846091628074646
split_1_data_splits_new_01,56,1,0.9599630236625671
split_1_data_splits_new_01,66,1,1.0
split_1_data_splits_new_01,72,1,0.9825014472007751
split_1_data_splits_new_01,79,1,0.013802560046315193
split_1_data_splits_new_01,84,1,0.3999393880367279
split_1_data_splits_new_01,90,1,8.409660949837416e-06
split_1_data_splits_new_01,92,1,0.8028988242149353
split_1_data_splits_new_01,98,1,0.9998656511306763
split_1_data_splits_new_01,119,1,4.493201231525745e-06
split_1_data_splits_new_01,5,2,0.999541163444519
split_1_data_splits_new_01,14,2,0.9999997615814209
split_1_data_splits_new_01,19,2,0.9079800844192505
split_1_data_splits_new_01,25,2,0.0015852916985750198
split_1_data_splits_new_01,27,2,0.15515391528606415
split_1_data_splits_new_01,36,2,0.01772758737206459
split_1_data_splits_new_01,44,2,0.9789601564407349
split_1_data_splits_new_01,49,2,0.9999103546142578
split_1_data_splits_new_01,54,2,0.9822854995727539
split_1_data_splits_new_01,56,2,0.8648175001144409
split_1_data_splits_new_01,66,2,0.9999986886978149
split_1_data_splits_new_01,72,2,0.9945372939109802
split_1_data_splits_new_01,79,2,0.22262318432331085
split_1_data_splits_new_01,84,2,0.7491108179092407
split_1_data_splits_new_01,90,2,0.00222330866381526
split_1_data_splits_new_01,92,2,0.6031186580657959
split_1_data_splits_new_01,98,2,0.9990066885948181
split_1_data_splits_new_01,119,2,0.0019123717211186886
split_1_data_splits_new_01,5,3,1.0
split_1_data_splits_new_01,14,3,1.0
split_1_data_splits_new_01,19,3,0.9400355219841003
split_1_data_splits_new_01,25,3,0.0022626433055847883
split_1_data_splits_new_01,27,3,0.12910884618759155
split_1_data_splits_new_01,36,3,0.021227184683084488
split_1_data_splits_new_01,44,3,0.9922204613685608
split_1_data_splits_new_01,49,3,0.9998459815979004
split_1_data_splits_new_01,54,3,0.999363124370575
split_1_data_splits_new_01,56,3,0.14868634939193726
split_1_data_splits_new_01,66,3,1.0
split_1_data_splits_new_01,72,3,0.349195659160614
split_1_data_splits_new_01,79,3,0.03392292186617851
split_1_data_splits_new_01,84,3,0.9876264929771423
split_1_data_splits_new_01,90,3,0.0001739463914418593
split_1_data_splits_new_01,92,3,0.9993913173675537
split_1_data_splits_new_01,98,3,0.9879414439201355
split_1_data_splits_new_01,119,3,0.0003917698049917817
split_1_data_splits_new_01,5,4,0.9999260902404785
split_1_data_splits_new_01,14,4,0.9999997615814209
split_1_data_splits_new_01,19,4,0.9290838837623596
split_1_data_splits_new_01,25,4,0.0006178533658385277
split_1_data_splits_new_01,27,4,0.8406004905700684
split_1_data_splits_new_01,36,4,0.022313164547085762
split_1_data_splits_new_01,44,4,0.9676380157470703
split_1_data_splits_new_01,49,4,0.9999406337738037
split_1_data_splits_new_01,54,4,0.9748350977897644
split_1_data_splits_new_01,56,4,0.8944399356842041
split_1_data_splits_new_01,66,4,0.9999997615814209
split_1_data_splits_new_01,72,4,0.9504210352897644
split_1_data_splits_new_01,79,4,0.690167248249054
split_1_data_splits_new_01,84,4,0.7322596311569214
split_1_data_splits_new_01,90,4,0.0019888263195753098
split_1_data_splits_new_01,92,4,0.7972193360328674
split_1_data_splits_new_01,98,4,0.9957068562507629
split_1_data_splits_new_01,119,4,0.0003249221190344542
split_1_data_splits_new_01,5,5,0.9999940395355225
split_1_data_splits_new_01,14,5,0.9999998807907104
split_1_data_splits_new_01,19,5,0.9999300241470337
split_1_data_splits_new_01,25,5,0.0006449653301388025
split_1_data_splits_new_01,27,5,0.8989477157592773
split_1_data_splits_new_01,36,5,0.0012528628576546907
split_1_data_splits_new_01,44,5,0.9920380115509033
split_1_data_splits_new_01,49,5,0.9999939203262329
split_1_data_splits_new_01,54,5,0.9821425080299377
split_1_data_splits_new_01,56,5,0.9978941082954407
split_1_data_splits_new_01,66,5,1.0
split_1_data_splits_new_01,72,5,0.9763891100883484
split_1_data_splits_new_01,79,5,0.019177168607711792
split_1_data_splits_new_01,84,5,0.8626462817192078
split_1_data_splits_new_01,90,5,5.751595745095983e-05
split_1_data_splits_new_01,92,5,0.8882530927658081
split_1_data_splits_new_01,98,5,0.9992896318435669
split_1_data_splits_new_01,119,5,4.363101834314875e-05
split_1_data_splits_new_01,5,6,0.9999855756759644
split_1_data_splits_new_01,14,6,1.0
split_1_data_splits_new_01,19,6,0.3531195819377899
split_1_data_splits_new_01,25,6,2.104000304825604e-05
split_1_data_splits_new_01,27,6,0.012913517653942108
split_1_data_splits_new_01,36,6,0.0003100897592958063
split_1_data_splits_new_01,44,6,0.8454204201698303
split_1_data_splits_new_01,49,6,0.9999978542327881
split_1_data_splits_new_01,54,6,0.9800440669059753
split_1_data_splits_new_01,56,6,0.8682810068130493
split_1_data_splits_new_01,66,6,1.0
split_1_data_splits_new_01,72,6,0.8221133351325989
split_1_data_splits_new_01,79,6,0.0370032899081707
split_1_data_splits_new_01,84,6,0.41694989800453186
split_1_data_splits_new_01,90,6,0.00019595121557358652
split_1_data_splits_new_01,92,6,0.03650399670004845
split_1_data_splits_new_01,98,6,0.9750275015830994
split_1_data_splits_new_01,119,6,3.624824603321031e-05
split_1_data_splits_new_01,5,7,0.9830285310745239
split_1_data_splits_new_01,14,7,1.0
split_1_data_splits_new_01,19,7,0.9178603291511536
split_1_data_splits_new_01,25,7,0.0001645065494813025
split_1_data_splits_new_01,27,7,0.014067847281694412
split_1_data_splits_new_01,36,7,0.004577538929879665
split_1_data_splits_new_01,44,7,0.5820121765136719
split_1_data_splits_new_01,49,7,0.9999872446060181
split_1_data_splits_new_01,54,7,0.9934011101722717
split_1_data_splits_new_01,56,7,0.7931733727455139
split_1_data_splits_new_01,66,7,0.9999998807907104
split_1_data_splits_new_01,72,7,0.9823088049888611
split_1_data_splits_new_01,79,7,0.627410352230072
split_1_data_splits_new_01,84,7,0.8604133725166321
split_1_data_splits_new_01,90,7,0.002568863332271576
split_1_data_splits_new_01,92,7,0.06469453126192093
split_1_data_splits_new_01,98,7,0.959801435470581
split_1_data_splits_new_01,119,7,0.00017908617155626416
split_1_data_splits_new_01,5,8,0.9999998807907104
split_1_data_splits_new_01,14,8,1.0
split_1_data_splits_new_01,19,8,0.9996922016143799
split_1_data_splits_new_01,25,8,0.00011561477003851905
split_1_data_splits_new_01,27,8,0.0452570915222168
split_1_data_splits_new_01,36,8,0.00033313455060124397
split_1_data_splits_new_01,44,8,0.9912462830543518
split_1_data_splits_new_01,49,8,0.9999922513961792
split_1_data_splits_new_01,54,8,0.5406473278999329
split_1_data_splits_new_01,56,8,0.9904786348342896
split_1_data_splits_new_01,66,8,1.0
split_1_data_splits_new_01,72,8,0.9122957587242126
split_1_data_splits_new_01,79,8,0.0024355982895940542
split_1_data_splits_new_01,84,8,0.03060632012784481
split_1_data_splits_new_01,90,8,4.292766971047968e-05
split_1_data_splits_new_01,92,8,0.6888845562934875
split_1_data_splits_new_01,98,8,0.9996100068092346
split_1_data_splits_new_01,119,8,5.894922651350498e-06
split_1_data_splits_new_01,5,9,0.9998062252998352
split_1_data_splits_new_01,14,9,1.0
split_1_data_splits_new_01,19,9,0.9965543746948242
split_1_data_splits_new_01,25,9,0.0003268268774263561
split_1_data_splits_new_01,27,9,0.0326266884803772
split_1_data_splits_new_01,36,9,0.0030409882310777903
split_1_data_splits_new_01,44,9,0.7832912802696228
split_1_data_splits_new_01,49,9,0.9999806880950928
split_1_data_splits_new_01,54,9,0.9383251667022705
split_1_data_splits_new_01,56,9,0.978590726852417
split_1_data_splits_new_01,66,9,0.9999997615814209
split_1_data_splits_new_01,72,9,0.9939095973968506
split_1_data_splits_new_01,79,9,0.018123693764209747
split_1_data_splits_new_01,84,9,0.7538861036300659
split_1_data_splits_new_01,90,9,2.9602002541651018e-05
split_1_data_splits_new_01,92,9,0.33399853110313416
split_1_data_splits_new_01,98,9,0.9960228204727173
split_1_data_splits_new_01,119,9,2.2391810489352793e-05
split_1_data_splits_new_01,5,10,0.9993976354598999
split_1_data_splits_new_01,14,10,0.9999872446060181
split_1_data_splits_new_01,19,10,0.9922824501991272
split_1_data_splits_new_01,25,10,0.014170734211802483
split_1_data_splits_new_01,27,10,0.05796470493078232
split_1_data_splits_new_01,36,10,0.047812748700380325
split_1_data_splits_new_01,44,10,0.9748650789260864
split_1_data_splits_new_01,49,10,0.998302698135376
split_1_data_splits_new_01,54,10,0.9028212428092957
split_1_data_splits_new_01,56,10,0.9075708985328674
split_1_data_splits_new_01,66,10,0.9999954700469971
split_1_data_splits_new_01,72,10,0.8357889652252197
split_1_data_splits_new_01,79,10,0.048586320132017136
split_1_data_splits_new_01,84,10,0.6489254832267761
split_1_data_splits_new_01,90,10,0.0015210311394184828
split_1_data_splits_new_01,92,10,0.16361773014068604
split_1_data_splits_new_01,98,10,0.9830412864685059
split_1_data_splits_new_01,119,10,0.0031271756161004305
split_2_data_splits_new_02,9,1,0.99980229139328
split_2_data_splits_new_02,16,1,0.9885991811752319
split_2_data_splits_new_02,26,1,0.883284330368042
split_2_data_splits_new_02,32,1,0.4622597396373749
split_2_data_splits_new_02,40,1,0.9994975328445435
split_2_data_splits_new_02,45,1,0.9247550964355469
split_2_data_splits_new_02,50,1,0.9560036659240723
split_2_data_splits_new_02,55,1,0.9999998807907104
split_2_data_splits_new_02,60,1,0.8808355927467346
split_2_data_splits_new_02,67,1,0.9964284300804138
split_2_data_splits_new_02,73,1,0.9916501045227051
split_2_data_splits_new_02,82,1,0.04535427689552307
split_2_data_splits_new_02,86,1,0.4721456468105316
split_2_data_splits_new_02,91,1,0.9974907636642456
split_2_data_splits_new_02,99,1,0.9996570348739624
split_2_data_splits_new_02,101,1,0.9970933198928833
split_2_data_splits_new_02,109,1,0.1646076887845993
split_2_data_splits_new_02,110,1,0.21000772714614868
split_2_data_splits_new_02,111,1,0.3453030586242676
split_2_data_splits_new_02,9,2,0.9998502731323242
split_2_data_splits_new_02,16,2,0.9860097169876099
split_2_data_splits_new_02,26,2,0.865786612033844
split_2_data_splits_new_02,32,2,0.4281063973903656
split_2_data_splits_new_02,40,2,0.9985582232475281
split_2_data_splits_new_02,45,2,0.2125920057296753
split_2_data_splits_new_02,50,2,0.5448514223098755
split_2_data_splits_new_02,55,2,0.9999980926513672
split_2_data_splits_new_02,60,2,0.9298902750015259
split_2_data_splits_new_02,67,2,0.9996596574783325
split_2_data_splits_new_02,73,2,0.995603084564209
split_2_data_splits_new_02,82,2,0.005186720751225948
split_2_data_splits_new_02,86,2,0.2731378376483917
split_2_data_splits_new_02,91,2,0.9963178634643555
split_2_data_splits_new_02,99,2,0.9994018077850342
split_2_data_splits_new_02,101,2,0.9983429908752441
split_2_data_splits_new_02,109,2,0.08858112245798111
split_2_data_splits_new_02,110,2,0.0054765804670751095
split_2_data_splits_new_02,111,2,0.27863138914108276
split_2_data_splits_new_02,9,3,0.9998036026954651
split_2_data_splits_new_02,16,3,0.9882814288139343
split_2_data_splits_new_02,26,3,0.9909295439720154
split_2_data_splits_new_02,32,3,0.9947841763496399
split_2_data_splits_new_02,40,3,0.9999948740005493
split_2_data_splits_new_02,45,3,0.9945952296257019
split_2_data_splits_new_02,50,3,0.98562091588974
split_2_data_splits_new_02,55,3,1.0
split_2_data_splits_new_02,60,3,0.9188422560691833
split_2_data_splits_new_02,67,3,0.9973117113113403
split_2_data_splits_new_02,73,3,0.9994713664054871
split_2_data_splits_new_02,82,3,0.0003215861215721816
split_2_data_splits_new_02,86,3,0.46106040477752686
split_2_data_splits_new_02,91,3,0.998868465423584
split_2_data_splits_new_02,99,3,0.999944806098938
split_2_data_splits_new_02,101,3,0.9999685287475586
split_2_data_splits_new_02,109,3,0.14352190494537354
split_2_data_splits_new_02,110,3,0.005826736334711313
split_2_data_splits_new_02,111,3,0.48621368408203125
split_2_data_splits_new_02,9,4,0.9989414811134338
split_2_data_splits_new_02,16,4,0.9498628377914429
split_2_data_splits_new_02,26,4,0.9002251029014587
split_2_data_splits_new_02,32,4,0.9413737654685974
split_2_data_splits_new_02,40,4,0.9995635151863098
split_2_data_splits_new_02,45,4,0.9666338562965393
split_2_data_splits_new_02,50,4,0.9089784622192383
split_2_data_splits_new_02,55,4,0.9999955892562866
split_2_data_splits_new_02,60,4,0.9704134464263916
split_2_data_splits_new_02,67,4,0.9992006421089172
split_2_data_splits_new_02,73,4,0.985584020614624
split_2_data_splits_new_02,82,4,0.019875284284353256
split_2_data_splits_new_02,86,4,0.6671978235244751
split_2_data_splits_new_02,91,4,0.9943980574607849
split_2_data_splits_new_02,99,4,0.9994521737098694
split_2_data_splits_new_02,101,4,0.998417854309082
split_2_data_splits_new_02,109,4,0.1634952425956726
split_2_data_splits_new_02,110,4,0.022405441850423813
split_2_data_splits_new_02,111,4,0.6728175282478333
split_2_data_splits_new_02,9,5,0.9907777309417725
split_2_data_splits_new_02,16,5,0.9273965954780579
split_2_data_splits_new_02,26,5,0.9020270705223083
split_2_data_splits_new_02,32,5,0.41270822286605835
split_2_data_splits_new_02,40,5,0.9909242987632751
split_2_data_splits_new_02,45,5,0.9778294563293457
split_2_data_splits_new_02,50,5,0.8009821176528931
split_2_data_splits_new_02,55,5,0.9996402263641357
split_2_data_splits_new_02,60,5,0.9425464868545532
split_2_data_splits_new_02,67,5,0.987457811832428
split_2_data_splits_new_02,73,5,0.9831909537315369
split_2_data_splits_new_02,82,5,0.22269129753112793
split_2_data_splits_new_02,86,5,0.7784112691879272
split_2_data_splits_new_02,91,5,0.9598638415336609
split_2_data_splits_new_02,99,5,0.995502769947052
split_2_data_splits_new_02,101,5,0.9982434511184692
split_2_data_splits_new_02,109,5,0.5117493271827698
split_2_data_splits_new_02,110,5,0.2059338539838791
split_2_data_splits_new_02,111,5,0.6332139372825623
split_2_data_splits_new_02,9,6,0.9999995231628418
split_2_data_splits_new_02,16,6,0.9492108225822449
split_2_data_splits_new_02,26,6,0.9986730813980103
split_2_data_splits_new_02,32,6,0.47287696599960327
split_2_data_splits_new_02,40,6,0.9999990463256836
split_2_data_splits_new_02,45,6,0.012292701750993729
split_2_data_splits_new_02,50,6,0.9961240887641907
split_2_data_splits_new_02,55,6,1.0
split_2_data_splits_new_02,60,6,0.8830007910728455
split_2_data_splits_new_02,67,6,0.9999885559082031
split_2_data_splits_new_02,73,6,0.9999483823776245
split_2_data_splits_new_02,82,6,2.953191369670094e-06
split_2_data_splits_new_02,86,6,0.2516326308250427
split_2_data_splits_new_02,91,6,0.9998074173927307
split_2_data_splits_new_02,99,6,0.9999983310699463
split_2_data_splits_new_02,101,6,0.9998345375061035
split_2_data_splits_new_02,109,6,0.008978646248579025
split_2_data_splits_new_02,110,6,3.830164587270701e-06
split_2_data_splits_new_02,111,6,0.410868376493454
split_2_data_splits_new_02,9,7,0.9622358679771423
split_2_data_splits_new_02,16,7,0.9522188305854797
split_2_data_splits_new_02,26,7,0.9265637397766113
split_2_data_splits_new_02,32,7,0.7985936403274536
split_2_data_splits_new_02,40,7,0.993614912033081
split_2_data_splits_new_02,45,7,0.8884677886962891
split_2_data_splits_new_02,50,7,0.9098467826843262
split_2_data_splits_new_02,55,7,0.9999604225158691
split_2_data_splits_new_02,60,7,0.8945444226264954
split_2_data_splits_new_02,67,7,0.9758340120315552
split_2_data_splits_new_02,73,7,0.9517919421195984
split_2_data_splits_new_02,82,7,0.17518913745880127
split_2_data_splits_new_02,86,7,0.6285462975502014
split_2_data_splits_new_02,91,7,0.9618738889694214
split_2_data_splits_new_02,99,7,0.9875727891921997
split_2_data_splits_new_02,101,7,0.9846135377883911
split_2_data_splits_new_02,109,7,0.5417828559875488
split_2_data_splits_new_02,110,7,0.24242819845676422
split_2_data_splits_new_02,111,7,0.624473512172699
split_2_data_splits_new_02,9,8,0.9826918244361877
split_2_data_splits_new_02,16,8,0.8241784572601318
split_2_data_splits_new_02,26,8,0.5997752547264099
split_2_data_splits_new_02,32,8,0.2720116674900055
split_2_data_splits_new_02,40,8,0.9589101076126099
split_2_data_splits_new_02,45,8,0.5281977653503418
split_2_data_splits_new_02,50,8,0.6711588501930237
split_2_data_splits_new_02,55,8,0.9997760653495789
split_2_data_splits_new_02,60,8,0.6799843311309814
split_2_data_splits_new_02,67,8,0.9259544014930725
split_2_data_splits_new_02,73,8,0.8156915903091431
split_2_data_splits_new_02,82,8,0.046553950756788254
split_2_data_splits_new_02,86,8,0.29834070801734924
split_2_data_splits_new_02,91,8,0.8225988149642944
split_2_data_splits_new_02,99,8,0.9934514760971069
split_2_data_splits_new_02,101,8,0.8866482377052307
split_2_data_splits_new_02,109,8,0.13082589209079742
split_2_data_splits_new_02,110,8,0.3043054938316345
split_2_data_splits_new_02,111,8,0.19898150861263275
split_2_data_splits_new_02,9,9,0.9999909400939941
split_2_data_splits_new_02,16,9,0.9723925590515137
split_2_data_splits_new_02,26,9,0.9507733583450317
split_2_data_splits_new_02,32,9,0.510124683380127
split_2_data_splits_new_02,40,9,0.9993101358413696
split_2_data_splits_new_02,45,9,0.7115817070007324
split_2_data_splits_new_02,50,9,0.9756651520729065
split_2_data_splits_new_02,55,9,0.9999998807907104
split_2_data_splits_new_02,60,9,0.9871494174003601
split_2_data_splits_new_02,67,9,0.9999779462814331
split_2_data_splits_new_02,73,9,0.9959022402763367
split_2_data_splits_new_02,82,9,0.03294439613819122
split_2_data_splits_new_02,86,9,0.8648041486740112
split_2_data_splits_new_02,91,9,0.9994988441467285
split_2_data_splits_new_02,99,9,0.9995383024215698
split_2_data_splits_new_02,101,9,0.9899926781654358
split_2_data_splits_new_02,109,9,0.18401527404785156
split_2_data_splits_new_02,110,9,0.07613317668437958
split_2_data_splits_new_02,111,9,0.7665683627128601
split_2_data_splits_new_02,9,10,0.7392328977584839
split_2_data_splits_new_02,16,10,0.8323205709457397
split_2_data_splits_new_02,26,10,0.8428958058357239
split_2_data_splits_new_02,32,10,0.43242886662483215
split_2_data_splits_new_02,40,10,0.9824533462524414
split_2_data_splits_new_02,45,10,0.9110948443412781
split_2_data_splits_new_02,50,10,0.8056421875953674
split_2_data_splits_new_02,55,10,0.9968758821487427
split_2_data_splits_new_02,60,10,0.93671053647995
split_2_data_splits_new_02,67,10,0.9573882222175598
split_2_data_splits_new_02,73,10,0.9373680353164673
split_2_data_splits_new_02,82,10,0.38609743118286133
split_2_data_splits_new_02,86,10,0.8073124289512634
split_2_data_splits_new_02,91,10,0.9408537745475769
split_2_data_splits_new_02,99,10,0.9864326119422913
split_2_data_splits_new_02,101,10,0.98630291223526
split_2_data_splits_new_02,109,10,0.42206114530563354
split_2_data_splits_new_02,110,10,0.4041937589645386
split_2_data_splits_new_02,111,10,0.6111668348312378
split_3_data_splits_new_03,7,1,0.9999963045120239
split_3_data_splits_new_03,15,1,0.11168203502893448
split_3_data_splits_new_03,22,1,0.004906360525637865
split_3_data_splits_new_03,28,1,0.0051920670084655285
split_3_data_splits_new_03,38,1,0.9914863109588623
split_3_data_splits_new_03,41,1,0.9069446921348572
split_3_data_splits_new_03,46,1,0.7255855798721313
split_3_data_splits_new_03,51,1,0.5046324729919434
split_3_data_splits_new_03,57,1,0.9949030876159668
split_3_data_splits_new_03,61,1,0.9612293243408203
split_3_data_splits_new_03,68,1,0.992954432964325
split_3_data_splits_new_03,75,1,0.37481918931007385
split_3_data_splits_new_03,85,1,0.039020854979753494
split_3_data_splits_new_03,87,1,0.9991958737373352
split_3_data_splits_new_03,93,1,0.23809458315372467
split_3_data_splits_new_03,100,1,0.9998155236244202
split_3_data_splits_new_03,104,1,0.997739315032959
split_3_data_splits_new_03,107,1,0.00282405992038548
split_3_data_splits_new_03,108,1,0.014160258695483208
split_3_data_splits_new_03,7,2,1.0
split_3_data_splits_new_03,15,2,0.2569401264190674
split_3_data_splits_new_03,22,2,0.0019468858372420073
split_3_data_splits_new_03,28,2,0.012937456369400024
split_3_data_splits_new_03,38,2,0.9999544620513916
split_3_data_splits_new_03,41,2,0.999976396560669
split_3_data_splits_new_03,46,2,0.9851537942886353
split_3_data_splits_new_03,51,2,0.932473361492157
split_3_data_splits_new_03,57,2,0.9999979734420776
split_3_data_splits_new_03,61,2,0.8475527167320251
split_3_data_splits_new_03,68,2,0.9983978867530823
split_3_data_splits_new_03,75,2,0.8267754912376404
split_3_data_splits_new_03,85,2,0.0011176575208082795
split_3_data_splits_new_03,87,2,0.9999363422393799
split_3_data_splits_new_03,93,2,0.7155411243438721
split_3_data_splits_new_03,100,2,0.9999665021896362
split_3_data_splits_new_03,104,2,0.9999951124191284
split_3_data_splits_new_03,107,2,0.0026844290550798178
split_3_data_splits_new_03,108,2,0.0032218166161328554
split_3_data_splits_new_03,7,3,1.0
split_3_data_splits_new_03,15,3,0.19806550443172455
split_3_data_splits_new_03,22,3,2.6231886295136064e-05
split_3_data_splits_new_03,28,3,5.088876059744507e-05
split_3_data_splits_new_03,38,3,0.9996837377548218
split_3_data_splits_new_03,41,3,0.9999302625656128
split_3_data_splits_new_03,46,3,0.30430716276168823
split_3_data_splits_new_03,51,3,0.47851720452308655
split_3_data_splits_new_03,57,3,0.9999961853027344
split_3_data_splits_new_03,61,3,0.4279620349407196
split_3_data_splits_new_03,68,3,0.9970302581787109
split_3_data_splits_new_03,75,3,0.9685744047164917
split_3_data_splits_new_03,85,3,0.005370879080146551
split_3_data_splits_new_03,87,3,0.9998816251754761
split_3_data_splits_new_03,93,3,0.5931559205055237
split_3_data_splits_new_03,100,3,0.9999774694442749
split_3_data_splits_new_03,104,3,0.9999765157699585
split_3_data_splits_new_03,107,3,1.0919997293967754e-05
split_3_data_splits_new_03,108,3,2.2394202460418455e-05
split_3_data_splits_new_03,7,4,0.999970555305481
split_3_data_splits_new_03,15,4,0.5975305438041687
split_3_data_splits_new_03,22,4,0.022114960476756096
split_3_data_splits_new_03,28,4,0.026687035337090492
split_3_data_splits_new_03,38,4,0.9936630725860596
split_3_data_splits_new_03,41,4,0.9682186841964722
split_3_data_splits_new_03,46,4,0.8846229910850525
split_3_data_splits_new_03,51,4,0.8489766120910645
split_3_data_splits_new_03,57,4,0.9973773956298828
split_3_data_splits_new_03,61,4,0.9288631081581116
split_3_data_splits_new_03,68,4,0.9983785152435303
split_3_data_splits_new_03,75,4,0.9477640986442566
split_3_data_splits_new_03,85,4,0.09848600625991821
split_3_data_splits_new_03,87,4,0.9878130555152893
split_3_data_splits_new_03,93,4,0.1727977842092514
split_3_data_splits_new_03,100,4,0.9997938275337219
split_3_data_splits_new_03,104,4,0.9973600506782532
split_3_data_splits_new_03,107,4,0.006546080578118563
split_3_data_splits_new_03,108,4,0.039385996758937836
split_3_data_splits_new_03,7,5,0.9999991655349731
split_3_data_splits_new_03,15,5,0.06650497019290924
split_3_data_splits_new_03,22,5,0.0016345162875950336
split_3_data_splits_new_03,28,5,0.0001820214238250628
split_3_data_splits_new_03,38,5,0.9984470009803772
split_3_data_splits_new_03,41,5,0.9998490810394287
split_3_data_splits_new_03,46,5,0.632743775844574
split_3_data_splits_new_03,51,5,0.3474080562591553
split_3_data_splits_new_03,57,5,0.9997063279151917
split_3_data_splits_new_03,61,5,0.9716600179672241
split_3_data_splits_new_03,68,5,0.9793568849563599
split_3_data_splits_new_03,75,5,0.05194352939724922
split_3_data_splits_new_03,85,5,0.004211342427879572
split_3_data_splits_new_03,87,5,0.9936987161636353
split_3_data_splits_new_03,93,5,0.21749167144298553
split_3_data_splits_new_03,100,5,0.9998985528945923
split_3_data_splits_new_03,104,5,0.9998313188552856
split_3_data_splits_new_03,107,5,0.0005454934434965253
split_3_data_splits_new_03,108,5,0.0024610240943729877
split_3_data_splits_new_03,7,6,0.999853253364563
split_3_data_splits_new_03,15,6,0.10570242255926132
split_3_data_splits_new_03,22,6,0.01268935389816761
split_3_data_splits_new_03,28,6,0.003377416403964162
split_3_data_splits_new_03,38,6,0.986841082572937
split_3_data_splits_new_03,41,6,0.8818979263305664
split_3_data_splits_new_03,46,6,0.9600549936294556
split_3_data_splits_new_03,51,6,0.5989843606948853
split_3_data_splits_new_03,57,6,0.9999208450317383
split_3_data_splits_new_03,61,6,0.34721940755844116
split_3_data_splits_new_03,68,6,0.6940208077430725
split_3_data_splits_new_03,75,6,0.053225476294755936
split_3_data_splits_new_03,85,6,0.0027995037380605936
split_3_data_splits_new_03,87,6,0.9934436082839966
split_3_data_splits_new_03,93,6,0.012794505804777145
split_3_data_splits_new_03,100,6,0.9978519678115845
split_3_data_splits_new_03,104,6,0.999421238899231
split_3_data_splits_new_03,107,6,0.005211597308516502
split_3_data_splits_new_03,108,6,0.00622490793466568
split_3_data_splits_new_03,7,7,0.9999995231628418
split_3_data_splits_new_03,15,7,0.26619192957878113
split_3_data_splits_new_03,22,7,0.0010079819476231933
split_3_data_splits_new_03,28,7,0.003655512584373355
split_3_data_splits_new_03,38,7,0.9986109733581543
split_3_data_splits_new_03,41,7,0.9994369149208069
split_3_data_splits_new_03,46,7,0.3566218614578247
split_3_data_splits_new_03,51,7,0.39534062147140503
split_3_data_splits_new_03,57,7,0.9999581575393677
split_3_data_splits_new_03,61,7,0.9684600234031677
split_3_data_splits_new_03,68,7,0.9862334728240967
split_3_data_splits_new_03,75,7,0.9951165914535522
split_3_data_splits_new_03,85,7,0.017084045335650444
split_3_data_splits_new_03,87,7,0.9992004036903381
split_3_data_splits_new_03,93,7,0.5080490112304688
split_3_data_splits_new_03,100,7,0.9999967813491821
split_3_data_splits_new_03,104,7,0.9998874664306641
split_3_data_splits_new_03,107,7,0.00044806653750129044
split_3_data_splits_new_03,108,7,0.001896981499157846
split_3_data_splits_new_03,7,8,1.0
split_3_data_splits_new_03,15,8,0.8264299035072327
split_3_data_splits_new_03,22,8,0.0028548503760248423
split_3_data_splits_new_03,28,8,0.006757069379091263
split_3_data_splits_new_03,38,8,0.9998792409896851
split_3_data_splits_new_03,41,8,0.9999526739120483
split_3_data_splits_new_03,46,8,0.9395827651023865
split_3_data_splits_new_03,51,8,0.9970970153808594
split_3_data_splits_new_03,57,8,0.9999911785125732
split_3_data_splits_new_03,61,8,0.48863375186920166
split_3_data_splits_new_03,68,8,0.9996664524078369
split_3_data_splits_new_03,75,8,0.9999635219573975
split_3_data_splits_new_03,85,8,0.014109459705650806
split_3_data_splits_new_03,87,8,0.9995848536491394
split_3_data_splits_new_03,93,8,0.07398372143507004
split_3_data_splits_new_03,100,8,0.9992641806602478
split_3_data_splits_new_03,104,8,0.9999746084213257
split_3_data_splits_new_03,107,8,0.000864935340359807
split_3_data_splits_new_03,108,8,0.004796243272721767
split_3_data_splits_new_03,7,9,0.9999992847442627
split_3_data_splits_new_03,15,9,0.2963273227214813
split_3_data_splits_new_03,22,9,0.000638742872979492
split_3_data_splits_new_03,28,9,0.00017542463319841772
split_3_data_splits_new_03,38,9,0.9995552897453308
split_3_data_splits_new_03,41,9,0.9998583793640137
split_3_data_splits_new_03,46,9,0.9934676289558411
split_3_data_splits_new_03,51,9,0.4322734773159027
split_3_data_splits_new_03,57,9,0.9999643564224243
split_3_data_splits_new_03,61,9,0.32618698477745056
split_3_data_splits_new_03,68,9,0.9953482747077942
split_3_data_splits_new_03,75,9,0.02979842945933342
split_3_data_splits_new_03,85,9,0.0017902232939377427
split_3_data_splits_new_03,87,9,0.9993873834609985
split_3_data_splits_new_03,93,9,0.00583952059969306
split_3_data_splits_new_03,100,9,0.9988226294517517
split_3_data_splits_new_03,104,9,0.9999303817749023
split_3_data_splits_new_03,107,9,6.082464460632764e-05
split_3_data_splits_new_03,108,9,0.0010062532965093851
split_3_data_splits_new_03,7,10,0.9999986886978149
split_3_data_splits_new_03,15,10,0.49949032068252563
split_3_data_splits_new_03,22,10,9.48644956224598e-05
split_3_data_splits_new_03,28,10,0.0001840893819462508
split_3_data_splits_new_03,38,10,0.9998596906661987
split_3_data_splits_new_03,41,10,0.9980339407920837
split_3_data_splits_new_03,46,10,0.6332449316978455
split_3_data_splits_new_03,51,10,0.7972826957702637
split_3_data_splits_new_03,57,10,0.9998289346694946
split_3_data_splits_new_03,61,10,0.25013744831085205
split_3_data_splits_new_03,68,10,0.9980960488319397
split_3_data_splits_new_03,75,10,0.9348417520523071
split_3_data_splits_new_03,85,10,0.020164944231510162
split_3_data_splits_new_03,87,10,0.9946780204772949
split_3_data_splits_new_03,93,10,0.0728181004524231
split_3_data_splits_new_03,100,10,0.9996812343597412
split_3_data_splits_new_03,104,10,0.9999682903289795
split_3_data_splits_new_03,107,10,9.00303857633844e-05
split_3_data_splits_new_03,108,10,0.0011164374882355332
split_4_data_splits_new_04,3,1,0.941912829875946
split_4_data_splits_new_04,11,1,0.9343619346618652
split_4_data_splits_new_04,17,1,0.909407377243042
split_4_data_splits_new_04,21,1,0.15229155123233795
split_4_data_splits_new_04,24,1,0.12442732602357864
split_4_data_splits_new_04,34,1,0.02743668667972088
split_4_data_splits_new_04,42,1,0.9978952407836914
split_4_data_splits_new_04,48,1,0.9996461868286133
split_4_data_splits_new_04,53,1,0.5101017355918884
split_4_data_splits_new_04,58,1,0.9982569813728333
split_4_data_splits_new_04,63,1,0.999362051486969
split_4_data_splits_new_04,70,1,0.9660698771476746
split_4_data_splits_new_04,77,1,0.19561894237995148
split_4_data_splits_new_04,80,1,0.9985926747322083
split_4_data_splits_new_04,88,1,0.9982243180274963
split_4_data_splits_new_04,94,1,0.9304771423339844
split_4_data_splits_new_04,97,1,0.8799847960472107
split_4_data_splits_new_04,106,1,0.9970567226409912
split_4_data_splits_new_04,118,1,0.1392005831003189
split_4_data_splits_new_04,3,2,0.4598951041698456
split_4_data_splits_new_04,11,2,0.9252811074256897
split_4_data_splits_new_04,17,2,0.6624838709831238
split_4_data_splits_new_04,21,2,0.04595685377717018
split_4_data_splits_new_04,24,2,0.03532274812459946
split_4_data_splits_new_04,34,2,0.011982756666839123
split_4_data_splits_new_04,42,2,0.9901779294013977
split_4_data_splits_new_04,48,2,0.9914029240608215
split_4_data_splits_new_04,53,2,0.1759646236896515
split_4_data_splits_new_04,58,2,0.9177307486534119
split_4_data_splits_new_04,63,2,0.9997972846031189
split_4_data_splits_new_04,70,2,0.9418253898620605
split_4_data_splits_new_04,77,2,0.14947298169136047
split_4_data_splits_new_04,80,2,0.9946723580360413
split_4_data_splits_new_04,88,2,0.9886690974235535
split_4_data_splits_new_04,94,2,0.756855845451355
split_4_data_splits_new_04,97,2,0.6676769852638245
split_4_data_splits_new_04,106,2,0.9446078538894653
split_4_data_splits_new_04,118,2,0.03208622336387634
split_4_data_splits_new_04,3,3,0.7328111529350281
split_4_data_splits_new_04,11,3,0.6469330191612244
split_4_data_splits_new_04,17,3,0.8255636096000671
split_4_data_splits_new_04,21,3,0.25751397013664246
split_4_data_splits_new_04,24,3,0.26541975140571594
split_4_data_splits_new_04,34,3,0.3183004558086395
split_4_data_splits_new_04,42,3,0.939391553401947
split_4_data_splits_new_04,48,3,0.9364742040634155
split_4_data_splits_new_04,53,3,0.42041829228401184
split_4_data_splits_new_04,58,3,0.8679625391960144
split_4_data_splits_new_04,63,3,0.9902273416519165
split_4_data_splits_new_04,70,3,0.9406213760375977
split_4_data_splits_new_04,77,3,0.3720399737358093
split_4_data_splits_new_04,80,3,0.9359251260757446
split_4_data_splits_new_04,88,3,0.9215874671936035
split_4_data_splits_new_04,94,3,0.7999163866043091
split_4_data_splits_new_04,97,3,0.7943233847618103
split_4_data_splits_new_04,106,3,0.9138689637184143
split_4_data_splits_new_04,118,3,0.2646750211715698
split_4_data_splits_new_04,3,4,0.48625853657722473
split_4_data_splits_new_04,11,4,0.3413355052471161
split_4_data_splits_new_04,17,4,0.41146761178970337
split_4_data_splits_new_04,21,4,0.14732077717781067
split_4_data_splits_new_04,24,4,0.03232475742697716
split_4_data_splits_new_04,34,4,0.022801967337727547
split_4_data_splits_new_04,42,4,0.960753321647644
split_4_data_splits_new_04,48,4,0.9792354702949524
split_4_data_splits_new_04,53,4,0.15892386436462402
split_4_data_splits_new_04,58,4,0.8859871625900269
split_4_data_splits_new_04,63,4,0.9965471625328064
split_4_data_splits_new_04,70,4,0.9056585431098938
split_4_data_splits_new_04,77,4,0.10085124522447586
split_4_data_splits_new_04,80,4,0.996931791305542
split_4_data_splits_new_04,88,4,0.8265298008918762
split_4_data_splits_new_04,94,4,0.44977867603302
split_4_data_splits_new_04,97,4,0.526221752166748
split_4_data_splits_new_04,106,4,0.9468245506286621
split_4_data_splits_new_04,118,4,0.031233754009008408
split_4_data_splits_new_04,3,5,0.8959484100341797
split_4_data_splits_new_04,11,5,0.6775107383728027
split_4_data_splits_new_04,17,5,0.8387553691864014
split_4_data_splits_new_04,21,5,0.15306450426578522
split_4_data_splits_new_04,24,5,0.013528965413570404
split_4_data_splits_new_04,34,5,0.004008086398243904
split_4_data_splits_new_04,42,5,0.9835452437400818
split_4_data_splits_new_04,48,5,0.9904187321662903
split_4_data_splits_new_04,53,5,0.1676451414823532
split_4_data_splits_new_04,58,5,0.9925151467323303
split_4_data_splits_new_04,63,5,0.9978099465370178
split_4_data_splits_new_04,70,5,0.9377561807632446
split_4_data_splits_new_04,77,5,0.26889166235923767
split_4_data_splits_new_04,80,5,0.9984447360038757
split_4_data_splits_new_04,88,5,0.9893466830253601
split_4_data_splits_new_04,94,5,0.8382657766342163
split_4_data_splits_new_04,97,5,0.9208834171295166
split_4_data_splits_new_04,106,5,0.9991766810417175
split_4_data_splits_new_04,118,5,0.00815879087895155
split_4_data_splits_new_04,3,6,0.9221581220626831
split_4_data_splits_new_04,11,6,0.778717577457428
split_4_data_splits_new_04,17,6,0.8759914636611938
split_4_data_splits_new_04,21,6,0.06081346422433853
split_4_data_splits_new_04,24,6,0.1626332700252533
split_4_data_splits_new_04,34,6,0.014438153244554996
split_4_data_splits_new_04,42,6,0.9831619262695312
split_4_data_splits_new_04,48,6,0.9712782502174377
split_4_data_splits_new_04,53,6,0.07965651899576187
split_4_data_splits_new_04,58,6,0.9694021344184875
split_4_data_splits_new_04,63,6,0.9997594952583313
split_4_data_splits_new_04,70,6,0.9057235717773438
split_4_data_splits_new_04,77,6,0.050489991903305054
split_4_data_splits_new_04,80,6,0.990557074546814
split_4_data_splits_new_04,88,6,0.955508828163147
split_4_data_splits_new_04,94,6,0.30246520042419434
split_4_data_splits_new_04,97,6,0.2975587546825409
split_4_data_splits_new_04,106,6,0.9882081151008606
split_4_data_splits_new_04,118,6,0.13782182335853577
split_4_data_splits_new_04,3,7,0.8850390315055847
split_4_data_splits_new_04,11,7,0.7706866264343262
split_4_data_splits_new_04,17,7,0.9365246891975403
split_4_data_splits_new_04,21,7,0.3005478084087372
split_4_data_splits_new_04,24,7,0.3082055449485779
split_4_data_splits_new_04,34,7,0.15633933246135712
split_4_data_splits_new_04,42,7,0.980939507484436
split_4_data_splits_new_04,48,7,0.9802848100662231
split_4_data_splits_new_04,53,7,0.4795694351196289
split_4_data_splits_new_04,58,7,0.9620179533958435
split_4_data_splits_new_04,63,7,0.9983470439910889
split_4_data_splits_new_04,70,7,0.9198164343833923
split_4_data_splits_new_04,77,7,0.40785056352615356
split_4_data_splits_new_04,80,7,0.9812893271446228
split_4_data_splits_new_04,88,7,0.9377856254577637
split_4_data_splits_new_04,94,7,0.7830685973167419
split_4_data_splits_new_04,97,7,0.7522919774055481
split_4_data_splits_new_04,106,7,0.9903151392936707
split_4_data_splits_new_04,118,7,0.3190852999687195
split_4_data_splits_new_04,3,8,0.5730258822441101
split_4_data_splits_new_04,11,8,0.5729218125343323
split_4_data_splits_new_04,17,8,0.6352118253707886
split_4_data_splits_new_04,21,8,0.20553815364837646
split_4_data_splits_new_04,24,8,0.12946964800357819
split_4_data_splits_new_04,34,8,0.25356239080429077
split_4_data_splits_new_04,42,8,0.9740762114524841
split_4_data_splits_new_04,48,8,0.9633365869522095
split_4_data_splits_new_04,53,8,0.30125781893730164
split_4_data_splits_new_04,58,8,0.9018131494522095
split_4_data_splits_new_04,63,8,0.9978626370429993
split_4_data_splits_new_04,70,8,0.9048913717269897
split_4_data_splits_new_04,77,8,0.744840145111084
split_4_data_splits_new_04,80,8,0.998607337474823
split_4_data_splits_new_04,88,8,0.8328710198402405
split_4_data_splits_new_04,94,8,0.5991568565368652
split_4_data_splits_new_04,97,8,0.5403769612312317
split_4_data_splits_new_04,106,8,0.873550295829773
split_4_data_splits_new_04,118,8,0.11111949384212494
split_4_data_splits_new_04,3,9,0.9996116757392883
split_4_data_splits_new_04,11,9,0.9256018996238708
split_4_data_splits_new_04,17,9,0.9823513031005859
split_4_data_splits_new_04,21,9,0.0026412885636091232
split_4_data_splits_new_04,24,9,0.007133934181183577
split_4_data_splits_new_04,34,9,0.003441497217863798
split_4_data_splits_new_04,42,9,0.999535083770752
split_4_data_splits_new_04,48,9,0.9997817873954773
split_4_data_splits_new_04,53,9,0.042092666029930115
split_4_data_splits_new_04,58,9,0.9999855756759644
split_4_data_splits_new_04,63,9,0.99991774559021
split_4_data_splits_new_04,70,9,0.9683974385261536
split_4_data_splits_new_04,77,9,0.07784371823072433
split_4_data_splits_new_04,80,9,0.9999995231628418
split_4_data_splits_new_04,88,9,0.9772671461105347
split_4_data_splits_new_04,94,9,0.9672118425369263
split_4_data_splits_new_04,97,9,0.9806649684906006
split_4_data_splits_new_04,106,9,0.9999948740005493
split_4_data_splits_new_04,118,9,0.0050628697499632835
split_4_data_splits_new_04,3,10,0.5717425346374512
split_4_data_splits_new_04,11,10,0.6366033554077148
split_4_data_splits_new_04,17,10,0.8392465114593506
split_4_data_splits_new_04,21,10,0.36959004402160645
split_4_data_splits_new_04,24,10,0.02637917548418045
split_4_data_splits_new_04,34,10,0.006539555732160807
split_4_data_splits_new_04,42,10,0.9703841209411621
split_4_data_splits_new_04,48,10,0.9846093654632568
split_4_data_splits_new_04,53,10,0.22225074470043182
split_4_data_splits_new_04,58,10,0.9795904159545898
split_4_data_splits_new_04,63,10,0.9974402189254761
split_4_data_splits_new_04,70,10,0.8960922360420227
split_4_data_splits_new_04,77,10,0.06336290389299393
split_4_data_splits_new_04,80,10,0.9991859793663025
split_4_data_splits_new_04,88,10,0.9126860499382019
split_4_data_splits_new_04,94,10,0.6130662560462952
split_4_data_splits_new_04,97,10,0.4816543161869049
split_4_data_splits_new_04,106,10,0.9781253933906555
split_4_data_splits_new_04,118,10,0.035856522619724274
split_5_data_splits_new_05,1,1,0.8037222027778625
split_5_data_splits_new_05,2,1,0.032757360488176346
split_5_data_splits_new_05,4,1,0.13238213956356049
split_5_data_splits_new_05,12,1,0.518816351890564
split_5_data_splits_new_05,18,1,0.37837573885917664
split_5_data_splits_new_05,23,1,0.11407199501991272
split_5_data_splits_new_05,30,1,0.01011739019304514
split_5_data_splits_new_05,43,1,0.41499367356300354
split_5_data_splits_new_05,47,1,0.7768776416778564
split_5_data_splits_new_05,52,1,0.9476237297058105
split_5_data_splits_new_05,59,1,0.9923219084739685
split_5_data_splits_new_05,64,1,0.9783422946929932
split_5_data_splits_new_05,69,1,0.6208807229995728
split_5_data_splits_new_05,78,1,0.18348713219165802
split_5_data_splits_new_05,83,1,0.9463658928871155
split_5_data_splits_new_05,89,1,0.6448047757148743
split_5_data_splits_new_05,95,1,0.7952823638916016
split_5_data_splits_new_05,96,1,0.4762265980243683
split_5_data_splits_new_05,1,2,0.5231904983520508
split_5_data_splits_new_05,2,2,0.012179214507341385
split_5_data_splits_new_05,4,2,0.050623029470443726
split_5_data_splits_new_05,12,2,0.7923284769058228
split_5_data_splits_new_05,18,2,0.18212811648845673
split_5_data_splits_new_05,23,2,0.02873246744275093
split_5_data_splits_new_05,30,2,0.012881089001893997
split_5_data_splits_new_05,43,2,0.33113598823547363
split_5_data_splits_new_05,47,2,0.6239723563194275
split_5_data_splits_new_05,52,2,0.9971610307693481
split_5_data_splits_new_05,59,2,0.999929666519165
split_5_data_splits_new_05,64,2,0.997497022151947
split_5_data_splits_new_05,69,2,0.8502280116081238
split_5_data_splits_new_05,78,2,0.29213109612464905
split_5_data_splits_new_05,83,2,0.9997135996818542
split_5_data_splits_new_05,89,2,0.9678459167480469
split_5_data_splits_new_05,95,2,0.9867178201675415
split_5_data_splits_new_05,96,2,0.7322224378585815
split_5_data_splits_new_05,1,3,0.2776655852794647
split_5_data_splits_new_05,2,3,0.02249523065984249
split_5_data_splits_new_05,4,3,0.18433783948421478
split_5_data_splits_new_05,12,3,0.8905125856399536
split_5_data_splits_new_05,18,3,0.06758706271648407
split_5_data_splits_new_05,23,3,0.07293511927127838
split_5_data_splits_new_05,30,3,0.009485605172812939
split_5_data_splits_new_05,43,3,0.40471020340919495
split_5_data_splits_new_05,47,3,0.44493958353996277
split_5_data_splits_new_05,52,3,0.9999657869338989
split_5_data_splits_new_05,59,3,0.9999991655349731
split_5_data_splits_new_05,64,3,0.9996508359909058
split_5_data_splits_new_05,69,3,0.8456687927246094
split_5_data_splits_new_05,78,3,0.189845472574234
split_5_data_splits_new_05,83,3,0.9999872446060181
split_5_data_splits_new_05,89,3,0.7128995656967163
split_5_data_splits_new_05,95,3,0.9665637016296387
split_5_data_splits_new_05,96,3,0.8369024395942688
split_5_data_splits_new_05,1,4,0.9949466586112976
split_5_data_splits_new_05,2,4,0.00019748062186408788
split_5_data_splits_new_05,4,4,0.0018400379922240973
split_5_data_splits_new_05,12,4,0.613223671913147
split_5_data_splits_new_05,18,4,0.021541912108659744
split_5_data_splits_new_05,23,4,0.0006582763162441552
split_5_data_splits_new_05,30,4,8.827495912555605e-05
split_5_data_splits_new_05,43,4,0.12466847151517868
split_5_data_splits_new_05,47,4,0.4702039957046509
split_5_data_splits_new_05,52,4,0.9996379613876343
split_5_data_splits_new_05,59,4,0.9999983310699463
split_5_data_splits_new_05,64,4,0.9997537732124329
split_5_data_splits_new_05,69,4,0.2134893536567688
split_5_data_splits_new_05,78,4,0.012211238034069538
split_5_data_splits_new_05,83,4,0.9999923706054688
split_5_data_splits_new_05,89,4,0.9730727076530457
split_5_data_splits_new_05,95,4,0.9579774141311646
split_5_data_splits_new_05,96,4,0.34940943121910095
split_5_data_splits_new_05,1,5,0.5582267045974731
split_5_data_splits_new_05,2,5,0.006837658118456602
split_5_data_splits_new_05,4,5,0.012530368752777576
split_5_data_splits_new_05,12,5,0.9470324516296387
split_5_data_splits_new_05,18,5,0.042850933969020844
split_5_data_splits_new_05,23,5,0.02088886685669422
split_5_data_splits_new_05,30,5,0.0019955879542976618
split_5_data_splits_new_05,43,5,0.11118403822183609
split_5_data_splits_new_05,47,5,0.7007745504379272
split_5_data_splits_new_05,52,5,0.9996181726455688
split_5_data_splits_new_05,59,5,0.9999829530715942
split_5_data_splits_new_05,64,5,0.986072301864624
split_5_data_splits_new_05,69,5,0.9745295643806458
split_5_data_splits_new_05,78,5,0.05662496015429497
split_5_data_splits_new_05,83,5,0.9999707937240601
split_5_data_splits_new_05,89,5,0.8934024572372437
split_5_data_splits_new_05,95,5,0.9824825525283813
split_5_data_splits_new_05,96,5,0.430904746055603
split_5_data_splits_new_05,1,6,0.9818933010101318
split_5_data_splits_new_05,2,6,0.05246724188327789
split_5_data_splits_new_05,4,6,0.026881270110607147
split_5_data_splits_new_05,12,6,0.7851356267929077
split_5_data_splits_new_05,18,6,0.8190479278564453
split_5_data_splits_new_05,23,6,0.02515566721558571
split_5_data_splits_new_05,30,6,0.029820209369063377
split_5_data_splits_new_05,43,6,0.0685652568936348
split_5_data_splits_new_05,47,6,0.7412789463996887
split_5_data_splits_new_05,52,6,0.9998656511306763
split_5_data_splits_new_05,59,6,0.9999808073043823
split_5_data_splits_new_05,64,6,0.9995953440666199
split_5_data_splits_new_05,69,6,0.4279821813106537
split_5_data_splits_new_05,78,6,0.12558281421661377
split_5_data_splits_new_05,83,6,0.9999858140945435
split_5_data_splits_new_05,89,6,0.881905734539032
split_5_data_splits_new_05,95,6,0.8177118897438049
split_5_data_splits_new_05,96,6,0.8100302815437317
split_5_data_splits_new_05,1,7,0.7037414312362671
split_5_data_splits_new_05,2,7,0.0003182858636137098
split_5_data_splits_new_05,4,7,0.0031549481209367514
split_5_data_splits_new_05,12,7,0.4784785211086273
split_5_data_splits_new_05,18,7,0.25259217619895935
split_5_data_splits_new_05,23,7,0.002411656780168414
split_5_data_splits_new_05,30,7,0.0005050339386798441
split_5_data_splits_new_05,43,7,0.02003774791955948
split_5_data_splits_new_05,47,7,0.22594456374645233
split_5_data_splits_new_05,52,7,0.9980752468109131
split_5_data_splits_new_05,59,7,0.9999982118606567
split_5_data_splits_new_05,64,7,0.9804157614707947
split_5_data_splits_new_05,69,7,0.8534043431282043
split_5_data_splits_new_05,78,7,0.008566087111830711
split_5_data_splits_new_05,83,7,0.9993126392364502
split_5_data_splits_new_05,89,7,0.6654717326164246
split_5_data_splits_new_05,95,7,0.9234710931777954
split_5_data_splits_new_05,96,7,0.23534001410007477
split_5_data_splits_new_05,1,8,0.9756059050559998
split_5_data_splits_new_05,2,8,0.007662734482437372
split_5_data_splits_new_05,4,8,0.0523926205933094
split_5_data_splits_new_05,12,8,0.938666582107544
split_5_data_splits_new_05,18,8,0.7258870005607605
split_5_data_splits_new_05,23,8,0.0645584687590599
split_5_data_splits_new_05,30,8,0.01171893160790205
split_5_data_splits_new_05,43,8,0.07952728122472763
split_5_data_splits_new_05,47,8,0.21098734438419342
split_5_data_splits_new_05,52,8,0.9992995262145996
split_5_data_splits_new_05,59,8,0.9999651908874512
split_5_data_splits_new_05,64,8,0.9991372227668762
split_5_data_splits_new_05,69,8,0.6489852666854858
split_5_data_splits_new_05,78,8,0.06082534044981003
split_5_data_splits_new_05,83,8,0.9999220371246338
split_5_data_splits_new_05,89,8,0.948599636554718
split_5_data_splits_new_05,95,8,0.9163029789924622
split_5_data_splits_new_05,96,8,0.5175721645355225
split_5_data_splits_new_05,1,9,0.8150591850280762
split_5_data_splits_new_05,2,9,0.00917871668934822
split_5_data_splits_new_05,4,9,0.3467954099178314
split_5_data_splits_new_05,12,9,0.9456499218940735
split_5_data_splits_new_05,18,9,0.5559629797935486
split_5_data_splits_new_05,23,9,0.03968346491456032
split_5_data_splits_new_05,30,9,0.027186313644051552
split_5_data_splits_new_05,43,9,0.10809704661369324
split_5_data_splits_new_05,47,9,0.3204605281352997
split_5_data_splits_new_05,52,9,0.9918490648269653
split_5_data_splits_new_05,59,9,0.9999240636825562
split_5_data_splits_new_05,64,9,0.9982129335403442
split_5_data_splits_new_05,69,9,0.17445041239261627
split_5_data_splits_new_05,78,9,0.3076465427875519
split_5_data_splits_new_05,83,9,0.9947003126144409
split_5_data_splits_new_05,89,9,0.7870400547981262
split_5_data_splits_new_05,95,9,0.6954938173294067
split_5_data_splits_new_05,96,9,0.05396077781915665
split_5_data_splits_new_05,1,10,0.7945131659507751
split_5_data_splits_new_05,2,10,0.0058439429849386215
split_5_data_splits_new_05,4,10,0.44476935267448425
split_5_data_splits_new_05,12,10,0.9986880421638489
split_5_data_splits_new_05,18,10,0.41158199310302734
split_5_data_splits_new_05,23,10,0.47812503576278687
split_5_data_splits_new_05,30,10,0.006072881165891886
split_5_data_splits_new_05,43,10,0.2349935919046402
split_5_data_splits_new_05,47,10,0.8521311283111572
split_5_data_splits_new_05,52,10,0.9999206066131592
split_5_data_splits_new_05,59,10,0.9999997615814209
split_5_data_splits_new_05,64,10,0.9999953508377075
split_5_data_splits_new_05,69,10,0.9959021210670471
split_5_data_splits_new_05,78,10,0.7196717262268066
split_5_data_splits_new_05,83,10,0.9999994039535522
split_5_data_splits_new_05,89,10,0.998214602470398
split_5_data_splits_new_05,95,10,0.9977520108222961
split_5_data_splits_new_05,96,10,0.9091578125953674
